CISA Cross-Sector Cybersecurity Performance Goals (CPGs) to CRI Profile v2.1 Mapping,CISA Cross-Sector Cybersecurity Performance Goals (CPGs) to CRI Profile v2.1 Mapping,CISA Cross-Sector Cybersecurity Performance Goals (CPGs) to CRI Profile v2.1 Mapping,CISA Cross-Sector Cybersecurity Performance Goals (CPGs) to CRI Profile v2.1 Mapping,CISA Cross-Sector Cybersecurity Performance Goals (CPGs) to CRI Profile v2.1 Mapping,CISA Cross-Sector Cybersecurity Performance Goals (CPGs) to CRI Profile v2.1 Mapping
CISA Cross-Sector Cybersecurity Performance Goals v1.0.1,CISA Cross-Sector Cybersecurity Performance Goals v1.0.1,CISA Cross-Sector Cybersecurity Performance Goals v1.0.1,CISA Cross-Sector Cybersecurity Performance Goals v1.0.1,CRI Profile v2.1,CRI Profile v2.1
CSF Function,CPG Id,Performance Goal Practice,Performance Goal Outcome,CRI Profile v2.1 Diagnostic Statement,CRI Profile Subcategory
"
IDENTIFY",1.A,"1.A Asset Inventory: Better identify known, unknown (shadow), and unmanaged assets, and more rapidly detect and respond to new vulnerabilities.","Maintain a regularly updated inventory of all organizational assets with an IP address (including IPv6), including OT. This inventory is updated on a recurring basis, no less than monthly for both IT and OT.","ID.AM-01.01: The organization maintains a current and complete asset inventory of physical devices, hardware, and information systems.",IDENTIFY / Asset Management / Hardware Inventory
"
IDENTIFY",1.A,"1.A Asset Inventory: Better identify known, unknown (shadow), and unmanaged assets, and more rapidly detect and respond to new vulnerabilities.","Maintain a regularly updated inventory of all organizational assets with an IP address (including IPv6), including OT. This inventory is updated on a recurring basis, no less than monthly for both IT and OT.","ID.AM-02.01: The organization maintains a current and complete inventory of software platforms, business applications, and other software assets (e.g., virtual machines and virtual network devices).","IDENTIFY / Asset Management / Software, Services, & Systems Inventory"
"
IDENTIFY",1.A,"1.A Asset Inventory: Better identify known, unknown (shadow), and unmanaged assets, and more rapidly detect and respond to new vulnerabilities.","Maintain a regularly updated inventory of all organizational assets with an IP address (including IPv6), including OT. This inventory is updated on a recurring basis, no less than monthly for both IT and OT.","ID.AM-08.02: The organization establishes policies, and employs methods to identify, assess, and manage technology solutions that are acquired, managed, or used outside of established, governed technology and cybersecurity processes (i.e., ""Shadow IT"").",IDENTIFY / Asset Management / Asset Life Cycle Management
"
IDENTIFY",1.B,1.B Organizational Cybersecurity Leadership: A single leader is responsible and accountable for cybersecurity within an organization.,"A named role/position/title is identified as responsible and accountable for planning, resourcing, and execution of cybersecurity activities.  This role may undertake activities such as managing cybersecurity operations at the senior level, requesting and securing budget resources, or leading strategy development to inform future positioning.","GV.RR-01.04: The organization has designated a qualified Cybersecurity Officer (e.g., CISO) who is responsible and accountable for developing a cybersecurity strategy, overseeing and implementing its cybersecurity program, and enforcing its cybersecurity policy.","GOVERN / Roles, Responsibilities, and Authorities / Organizational Leadership Responsibility"
"
IDENTIFY",1.C,1.C OT Cybersecurity Leadership: A single leader is responsible and accountable for OT-specific cybersecurity within an organization with OT assets.,"A named role/position/title is identified as responsible and accountable for planning, resourcing, and execution of OT-specific cybersecurity activities. In some organizations, this may be the same position as identified in 1.B.","GV.RR-01.04: The organization has designated a qualified Cybersecurity Officer (e.g., CISO) who is responsible and accountable for developing a cybersecurity strategy, overseeing and implementing its cybersecurity program, and enforcing its cybersecurity policy.","GOVERN / Roles, Responsibilities, and Authorities / Organizational Leadership Responsibility"
"
IDENTIFY",1.D,1.D Improving IT and OT Cybersecurity Relationships: Improve OT cybersecurity and more rapidly and effectively respond to OT cyber incidents.,"Organizations sponsor at least one ""pizza party"" or equivalent social gathering per year that is focused on strengthening working relationships between IT and OT security personnel and is not a working event (such as providing meals during an incident response).","GV.RR-02.01: The roles, responsibilities, qualifications, and skill requirements for personnel (employees and third parties) that implement, manage, and oversee the technology, cybersecurity, and resilience programs are defined, aligned, coordinated, and holistically managed.","GOVERN / Roles, Responsibilities, and Authorities / Risk Management Roles & Responsibilities"
"
IDENTIFY",1.E,1.E Mitigating  Known Vulnerabilities: Reduce the likelihood of threat actors exploiting known vulnerabilities to breach organizational networks.,"All known exploited vulnerabilities (listed in CISA's Known Exploited Vulnerabilities Catalog - https://www.cisa.gov/known-exploited-vulnerabilities-catalog) in internet-facing systems are patched or otherwise mitigated within a risk-informed span of time, prioritizing more critical assets first.  

OT: For OT assets where patching is either not possible or may substantially compromise availability or safety, compensating controls are applied (e.g., segmentation, monitoring) and recorded. Sufficient controls should either make the asset inaccessible from the public internet or reduce the ability of threat actors to exploit the vulnerabilities in these assets.","ID.RA-01.03: The organization establishes and maintains standards and capabilities for ongoing vulnerability management, including systematic scans, or reviews reasonably designed to identify known cyber vulnerabilities and upgrade opportunities, across the organization's environments and assets.",IDENTIFY / Risk Assessment / Asset Vulnerability Identification
"
IDENTIFY",1.E,1.E Mitigating  Known Vulnerabilities: Reduce the likelihood of threat actors exploiting known vulnerabilities to breach organizational networks.,"All known exploited vulnerabilities (listed in CISA's Known Exploited Vulnerabilities Catalog - https://www.cisa.gov/known-exploited-vulnerabilities-catalog) in internet-facing systems are patched or otherwise mitigated within a risk-informed span of time, prioritizing more critical assets first.  

OT: For OT assets where patching is either not possible or may substantially compromise availability or safety, compensating controls are applied (e.g., segmentation, monitoring) and recorded. Sufficient controls should either make the asset inaccessible from the public internet or reduce the ability of threat actors to exploit the vulnerabilities in these assets.",ID.RA-07.05: The organization establishes and maintains an exception management process for identified vulnerabilities that cannot be mitigated within target timeframes.,IDENTIFY / Risk Assessment / Change & Exception Management
"
IDENTIFY",1.E,1.E Mitigating  Known Vulnerabilities: Reduce the likelihood of threat actors exploiting known vulnerabilities to breach organizational networks.,"All known exploited vulnerabilities (listed in CISA's Known Exploited Vulnerabilities Catalog - https://www.cisa.gov/known-exploited-vulnerabilities-catalog) in internet-facing systems are patched or otherwise mitigated within a risk-informed span of time, prioritizing more critical assets first.  

OT: For OT assets where patching is either not possible or may substantially compromise availability or safety, compensating controls are applied (e.g., segmentation, monitoring) and recorded. Sufficient controls should either make the asset inaccessible from the public internet or reduce the ability of threat actors to exploit the vulnerabilities in these assets.","PR.PS-02.01: The organization defines and implements controls to identify patches to technology assets, assess patch criticality and risk, test patches, and apply patches within risk/criticality-based target time frames.",PROTECT / Platform Security / Software Maintenance & Replacement
"
IDENTIFY",1.F,"1.F Third Party Validation of Cybersecurity Control Effectiveness: Identify TTPs that lack proper defenses, and establish confidence in organizational cyber defenses.","Third parties with demonstrated expertise in (IT and/or OT) cybersecurity regularly validate the effectiveness and coverage of an organization's cybersecurity defenses.  These exercises, which may include penetration tests, bug bounties, incident simulations, or table-top exercises, should include both unannounced and announced tests.

Exercises consider both the ability and impact of a potential adversary to infiltrate the network from the outside, as well as the ability of an adversary within the network (e.g., “assume breach”) to pivot laterally to demonstrate potential impact on critical systems, including operational technology and industrial control systems.

High-impact findings from previous tests are mitigated in a timely manner and are not re-observed in future tests.","ID.RA-05.04: The organization uses scenario planning, table-top-exercises, or similar event analysis techniques to identify vulnerabilities and determine potential impacts to critical infrastructure, technology, and business processes.",IDENTIFY / Risk Assessment / Risk Exposure Determination & Prioritization
"
IDENTIFY",1.F,"1.F Third Party Validation of Cybersecurity Control Effectiveness: Identify TTPs that lack proper defenses, and establish confidence in organizational cyber defenses.","Third parties with demonstrated expertise in (IT and/or OT) cybersecurity regularly validate the effectiveness and coverage of an organization's cybersecurity defenses.  These exercises, which may include penetration tests, bug bounties, incident simulations, or table-top exercises, should include both unannounced and announced tests.

Exercises consider both the ability and impact of a potential adversary to infiltrate the network from the outside, as well as the ability of an adversary within the network (e.g., “assume breach”) to pivot laterally to demonstrate potential impact on critical systems, including operational technology and industrial control systems.

High-impact findings from previous tests are mitigated in a timely manner and are not re-observed in future tests.","ID.IM-02.01: The organization conducts regular, independent penetration testing and red team testing on the organization's network, internet-facing  systems, critical applications, and associated controls to identify gaps in cybersecurity defenses.",IDENTIFY / Improvement / Tests & Exercises
"
IDENTIFY",1.G,1.G Supply Chain Incident Reporting: Organizations more rapidly learn about and respond to known incidents or breaches across vendors and service providers.,"Procurement documents and contracts, such as service-level agreements (SLAs), stipulate that vendors and/or service providers notify the procuring customer of security incidents within a risk-informed time frame as determined by the organization.","EX.CN-02.02: Minimum cybersecurity requirements for third-parties include requirements for incident and vulnerability notification, to include the types of events requiring notification, notification timeframes, and escalation protocols.",EXTEND / Third-Party Contracts and Agreements / Contract Cybersecurity-Related Requirements
"
IDENTIFY",1.H,1.H Supply Chain Vulnerability Disclosure: Organizations more rapidly learn about  and respond to vulnerabilities in assets provided by vendors and service providers.,"Procurement documents and contracts, such as SLAs, stipulate that vendors and/or service providers notify the procuring customer of confirmed security vulnerabilities in their assets within a risk-informed time frame as determined by the organization.","EX.CN-02.02: Minimum cybersecurity requirements for third-parties include requirements for incident and vulnerability notification, to include the types of events requiring notification, notification timeframes, and escalation protocols.",EXTEND / Third-Party Contracts and Agreements / Contract Cybersecurity-Related Requirements
"
IDENTIFY",1.I,1.I Vendor/Supplier Cybersecurity Requirements: Reduce risk by buying more secure products and services from more secure suppliers.,"Organizations' procurement documents include cybersecurity requirements and questions, which are evaluated in vendor selection such that, given two offerings of roughly similar cost and function, the more secure offering and/or supplier is preferred.","EX.DD-03.01: The organization reviews and evaluates a prospective critical third party's cybersecurity program, including its ability to identify, assess, monitor, and mitigate its cyber risks; the completeness of its policies and procedures; the strength of its technical and administrative controls; and the coverage of its internal and independent control testing programs.",EXTEND / Procurement Planning and Due Diligence / Technology & Cybersecurity Due Diligence
"
IDENTIFY",1.I,1.I Vendor/Supplier Cybersecurity Requirements: Reduce risk by buying more secure products and services from more secure suppliers.,"Organizations' procurement documents include cybersecurity requirements and questions, which are evaluated in vendor selection such that, given two offerings of roughly similar cost and function, the more secure offering and/or supplier is preferred.","EX.CN-02.01: The organization's contracts require third-parties to implement minimum technology and cybersecurity management requirements, to maintain those practices for the life of the relationship, and to provide evidence of compliance on an ongoing basis.",EXTEND / Third-Party Contracts and Agreements / Contract Cybersecurity-Related Requirements
"
PROTECT",2.A,2.A Changing Default Passwords: Prevent threat actors from using default passwords to achieve initial access or move laterally in a network.,"An enforced organization-wide policy and/or process that requires changing default manufacturer passwords for any/all hardware, software, and firmware before putting on any internal or external network. This includes IT assets for OT, such as OT administration web pages. 

In instances where changing default passwords is not feasible (e.g., a control system with a hard-coded password), implement and document appropriate compensating security controls, and monitor logs for network traffic and login attempts on those devices.

OT: While changing default passwords on an organization's existing OT requires significantly more work, we still recommend having such a policy to change default credentials for all new or future devices. This is not only easier to achieve, but also reduces potential risk in the future if adversary TTPs change.","PR.AA-01.01: Identities and credentials are actively managed or automated for authorized devices and users (e.g., removal of default and factory passwords, password strength requirements, automatic revocation of credentials under defined conditions, regular asset owner access review, etc.).","PROTECT / Identity Management, Authentication, and Access Control / Identity & Credential Management"
"
PROTECT",2.B,2.B Minimum Password Strength: Organizational passwords are harder for threat actors to guess or crack.,"Organizations have a system-enforced policy that requires a minimum password length of 15* or more characters for all password-protected IT assets and all OT assets, when technically feasible.** Organizations should consider leveraging passphrases and password managers to make it easier for users to maintain sufficiently long passwords. In instances where minimum password lengths are not technically feasible, compensating controls are applied and recorded, and all login attempts to those assets are logged. Assets that cannot support passwords of sufficient strength length are prioritized for upgrade or replacement. 

This goal is particularly important for organizations that lack widespread implementation of MFA and capabilities to protect against brute-force attacks (such as web application firewalls and third-party content delivery networks) or are unable to adopt passwordless authentication methods.

* Modern attacker tools can crack eight-character passwords quickly. Length is a more impactful and important factor in password strength than complexity or frequent password rotations. Long passwords are also easier for users to create and remember.

** OT assets that use a central authentication mechanism (such as Active Directory) are most important to address. Examples of low-risk OT assets that may not be technically feasible include those in remote locations, such as those on offshore rigs or on wind turbines.","PR.AA-01.01: Identities and credentials are actively managed or automated for authorized devices and users (e.g., removal of default and factory passwords, password strength requirements, automatic revocation of credentials under defined conditions, regular asset owner access review, etc.).","PROTECT / Identity Management, Authentication, and Access Control / Identity & Credential Management"
"
PROTECT",2.C,"2.C Unique Credentials: Attackers are unable to reuse compromised credentials to move laterally across the organization, particularly between IT and OT networks.","Organizations provision unique and separate credentials for similar services and asset access on  IT and OT networks.  Users do not (or cannot) reuse passwords for accounts, applications, services, etc.  Service accounts/machine accounts have passwords that are unique from all member user accounts.","PR.AA-01.01: Identities and credentials are actively managed or automated for authorized devices and users (e.g., removal of default and factory passwords, password strength requirements, automatic revocation of credentials under defined conditions, regular asset owner access review, etc.).","PROTECT / Identity Management, Authentication, and Access Control / Identity & Credential Management"
"
PROTECT",2.C,"2.C Unique Credentials: Attackers are unable to reuse compromised credentials to move laterally across the organization, particularly between IT and OT networks.","Organizations provision unique and separate credentials for similar services and asset access on  IT and OT networks.  Users do not (or cannot) reuse passwords for accounts, applications, services, etc.  Service accounts/machine accounts have passwords that are unique from all member user accounts.","PR.AA-02.01: The organization authenticates identity, validates the authorization level of a user before granting access to its systems, limits the use of an account to a single individual, and attributes activities to the user in logs and transactions.","PROTECT / Identity Management, Authentication, and Access Control / Identity Binding to Credentials"
"
PROTECT",2.C,"2.C Unique Credentials: Attackers are unable to reuse compromised credentials to move laterally across the organization, particularly between IT and OT networks.","Organizations provision unique and separate credentials for similar services and asset access on  IT and OT networks.  Users do not (or cannot) reuse passwords for accounts, applications, services, etc.  Service accounts/machine accounts have passwords that are unique from all member user accounts.","PR.AA-05.03: The organization institutes controls over service account (i.e., accounts used by systems to access other systems) lifecycles to ensure strict security over creation, use, and termination; access credentials (e.g., no embedded passwords in code); frequent reviews of account ownership; visibility for unauthorized use; and hardening against malicious insider use.","PROTECT / Identity Management, Authentication, and Access Control / Access Authorizations"
"
PROTECT",2.D,2.D Revoking Credentials for Departing Employees: Prevent unauthorized access to organizational accounts or resources by former employees.,"A defined and enforced administrative process applied to all departing employees by the day of their departure that (1) revokes and securely returns all physical badges, key cards, tokens, etc., and (2) disables all user accounts and access to organizational resources.","GV.RR-04.02: The organization establishes processes and controls to mitigate cyber risks related to employment termination, as permitted by law, to include the return or disposition of all organizational assets.","GOVERN / Roles, Responsibilities, and Authorities / Human Resource Practices"
"
PROTECT",2.E,"2.E Separating User and Privileged Accounts: Make it harder for threat actors to gain access to administrator or privileged accounts, even if common user accounts are compromised.","No user accounts always have administrator or super-user privileges. Administrators maintain separate user accounts for all actions and activities not associated with the administrator role (e.g., for business email, web browsing). Privileges are revaluated on a recurring basis to validate continued need for a given set of permissions.","PR.AA-05.02: The organization institutes controls over privileged system access by strictly limiting and closely managing staff and services with elevated system entitlements (e.g., multi-factor authentication, dual accounts, privilege and time constraints, etc.)","PROTECT / Identity Management, Authentication, and Access Control / Access Authorizations"
"
PROTECT",2.F,2.F Network Segmentation: Reduce the likelihood of adversaries accessing the OT network after compromising the IT network.,"All connections to the OT network are denied by default unless explicitly allowed (e.g., by IP address and port) for specific system functionality. Necessary communications paths between the IT and OT networks must pass through an intermediary, such as a properly configured firewall, bastion host, ""jump box,"" or a demilitarized zone, which is closely monitored, captures network logs, and only allows connections from approved assets.","PR.IR-01.01: Networks, systems, and external connections are segmented (e.g., using firewalls, software-defined networks, guest wireless networks, etc.) to implement defense-in-depth and access isolation principles.",PROTECT / Technology Infrastructure Resilience / Logical Access Protections
"
PROTECT",2.F,2.F Network Segmentation: Reduce the likelihood of adversaries accessing the OT network after compromising the IT network.,"All connections to the OT network are denied by default unless explicitly allowed (e.g., by IP address and port) for specific system functionality. Necessary communications paths between the IT and OT networks must pass through an intermediary, such as a properly configured firewall, bastion host, ""jump box,"" or a demilitarized zone, which is closely monitored, captures network logs, and only allows connections from approved assets.","PR.IR-01.02: Network device configurations (e.g., firewall rules, ports, and protocols) are documented, reviewed and updated regularly and upon change to ensure alignment with network access, segmentation, traversal, and deny-all default requirements.",PROTECT / Technology Infrastructure Resilience / Logical Access Protections
"
PROTECT",2.F,2.F Network Segmentation: Reduce the likelihood of adversaries accessing the OT network after compromising the IT network.,"All connections to the OT network are denied by default unless explicitly allowed (e.g., by IP address and port) for specific system functionality. Necessary communications paths between the IT and OT networks must pass through an intermediary, such as a properly configured firewall, bastion host, ""jump box,"" or a demilitarized zone, which is closely monitored, captures network logs, and only allows connections from approved assets.","PR.PS-04.01: The organization establishes and regularly reviews log management standards and practices, to include the types of events to be detected, log content, security and access considerations, monitoring protocols, integrity checking mechanisms, and retention periods.",PROTECT / Platform Security / Log Record Generation
"
PROTECT",2.F,2.F Network Segmentation: Reduce the likelihood of adversaries accessing the OT network after compromising the IT network.,"All connections to the OT network are denied by default unless explicitly allowed (e.g., by IP address and port) for specific system functionality. Necessary communications paths between the IT and OT networks must pass through an intermediary, such as a properly configured firewall, bastion host, ""jump box,"" or a demilitarized zone, which is closely monitored, captures network logs, and only allows connections from approved assets.","PR.PS-04.02: The organization defines the scope and coverage of audit/log records to be created and monitored (i.e., internal and external environments, devices, and applications/services/software to be monitored) and has controls in place to ensure that the intended scope is fully covered and that no logging failures are inhibiting the collection of required logs.",PROTECT / Platform Security / Log Record Generation
"
PROTECT",2.F,2.F Network Segmentation: Reduce the likelihood of adversaries accessing the OT network after compromising the IT network.,"All connections to the OT network are denied by default unless explicitly allowed (e.g., by IP address and port) for specific system functionality. Necessary communications paths between the IT and OT networks must pass through an intermediary, such as a properly configured firewall, bastion host, ""jump box,"" or a demilitarized zone, which is closely monitored, captures network logs, and only allows connections from approved assets.","DE.AE-03.01: The organization implements systematic and real-time logging, collection, monitoring, detection, and alerting measures across multiple layers of the organization's infrastructure, including physical perimeters, network, operating systems, applications, data, and external (cloud and outsourced) environments, sufficient to protect the organization's information assets.",DETECT / Adverse Event Analysis / Event Information Correlation
"
PROTECT",2.G,"2.G Detection of Unsuccessful (Automated) Login Attempts: Protect organizations from automated, credential-based attacks.","All unsuccessful logins are logged and sent to an organization's security team or relevant logging system. Security teams are notified (e.g., by an alert) after a specific number of consecutive, unsuccessful login attempts in a short period (e.g., five failed attempts in two minutes). This alert is logged and stored in the relevant security or ticketing system for retroactive analysis. 

For IT assets, a system-enforced policy prevents future logins for the suspicious account. For example, this could be for some minimum time, or until the account is re-enabled by a privileged user. This configuration is enabled when available on an asset. For example, Windows 11 can automatically lock out accounts for 10 minutes after 10 incorrect logins over a 10-minute period.","PR.AA-03.01: Based on the risk level of a user access or a specific transaction, the organization defines and implements authentication requirements, which may include multi-factor or out-of-band authentication, and may adopt other real-time risk prevention or mitigation tactics.","PROTECT / Identity Management, Authentication, and Access Control / Authentication"
"
PROTECT",2.G,"2.G Detection of Unsuccessful (Automated) Login Attempts: Protect organizations from automated, credential-based attacks.","All unsuccessful logins are logged and sent to an organization's security team or relevant logging system. Security teams are notified (e.g., by an alert) after a specific number of consecutive, unsuccessful login attempts in a short period (e.g., five failed attempts in two minutes). This alert is logged and stored in the relevant security or ticketing system for retroactive analysis. 

For IT assets, a system-enforced policy prevents future logins for the suspicious account. For example, this could be for some minimum time, or until the account is re-enabled by a privileged user. This configuration is enabled when available on an asset. For example, Windows 11 can automatically lock out accounts for 10 minutes after 10 incorrect logins over a 10-minute period.","DE.CM-03.02: The organization's controls actively monitor personnel (both authorized and unauthorized) for access, authentication, usage, connections, devices, and anomalous behavior to rapidly detect potential cybersecurity events.",DETECT / Continuous Monitoring / Personnel Activity Monitoring
"
PROTECT",2.H,"2.H Phishing-Resistant Multifactor Authentication (MFA): Add a critical, additional layer of security to protect assets accounts whose credentials have been compromised.","Organizations implement MFA for access to assets using the strongest available method for that asset (see below for scope). MFA options sorted by strength, high to low, are as follows:
1. Hardware-based, phishing-resistant MFA (e.g., FIDO/WebAuthn or public key infrastructure (PKI)-based – see CISA guidance in “Resources”);
2. If such hardware-based MFA is not available, then mobile app-based soft tokens (preferably push notification with number matching) or emerging technology such as FIDO passkeys are used;
3. MFA via short message service (SMS) or voice only used when no other options are possible.

IT: All IT accounts leverage MFA to access organizational resources. Prioritize accounts with highest risk, such as privileged administrative accounts for key IT systems.

OT: Within OT environments, MFA is enabled on all accounts and systems that can be accessed remotely, including vendors/maintenance accounts, remotely accessible user and engineering workstations, and remotely accessible HMIs.","PR.IR-01.05: Remote access is carefully controlled (e.g., restricted to defined systems, access is actively managed (e.g., session timeouts, logging, forced disconnect, etc.), and encrypted connections with multi-factor authentication are used).",PROTECT / Technology Infrastructure Resilience / Logical Access Protections
"
PROTECT",2.H,"2.H Phishing-Resistant Multifactor Authentication (MFA): Add a critical, additional layer of security to protect assets accounts whose credentials have been compromised.","Organizations implement MFA for access to assets using the strongest available method for that asset (see below for scope). MFA options sorted by strength, high to low, are as follows:
1. Hardware-based, phishing-resistant MFA (e.g., FIDO/WebAuthn or public key infrastructure (PKI)-based – see CISA guidance in “Resources”);
2. If such hardware-based MFA is not available, then mobile app-based soft tokens (preferably push notification with number matching) or emerging technology such as FIDO passkeys are used;
3. MFA via short message service (SMS) or voice only used when no other options are possible.

IT: All IT accounts leverage MFA to access organizational resources. Prioritize accounts with highest risk, such as privileged administrative accounts for key IT systems.

OT: Within OT environments, MFA is enabled on all accounts and systems that can be accessed remotely, including vendors/maintenance accounts, remotely accessible user and engineering workstations, and remotely accessible HMIs.","PR.AA-05.02: The organization institutes controls over privileged system access by strictly limiting and closely managing staff and services with elevated system entitlements (e.g., multi-factor authentication, dual accounts, privilege and time constraints, etc.)","PROTECT / Identity Management, Authentication, and Access Control / Access Authorizations"
"
PROTECT",2.H,"2.H Phishing-Resistant Multifactor Authentication (MFA): Add a critical, additional layer of security to protect assets accounts whose credentials have been compromised.","Organizations implement MFA for access to assets using the strongest available method for that asset (see below for scope). MFA options sorted by strength, high to low, are as follows:
1. Hardware-based, phishing-resistant MFA (e.g., FIDO/WebAuthn or public key infrastructure (PKI)-based – see CISA guidance in “Resources”);
2. If such hardware-based MFA is not available, then mobile app-based soft tokens (preferably push notification with number matching) or emerging technology such as FIDO passkeys are used;
3. MFA via short message service (SMS) or voice only used when no other options are possible.

IT: All IT accounts leverage MFA to access organizational resources. Prioritize accounts with highest risk, such as privileged administrative accounts for key IT systems.

OT: Within OT environments, MFA is enabled on all accounts and systems that can be accessed remotely, including vendors/maintenance accounts, remotely accessible user and engineering workstations, and remotely accessible HMIs.","PR.AA-03.01: Based on the risk level of a user access or a specific transaction, the organization defines and implements authentication requirements, which may include multi-factor or out-of-band authentication, and may adopt other real-time risk prevention or mitigation tactics.","PROTECT / Identity Management, Authentication, and Access Control / Authentication"
"
PROTECT",2.I,2.I Basic Cybersecurity Training: Organizational users learn and perform more secure behaviors,"At least annual trainings for all organizational employees and contractors that cover basic security concepts, such as phishing, business email compromise, basic operational security, password security, etc., as well as foster an internal culture of security and cyber awareness.

New employees receive initial cybersecurity training within 10 days of onboarding and recurring training on at least an annual basis.",PR.AT-01.01: All personnel receive cybersecurity awareness training upon hire and on a regular basis.,PROTECT / Awareness and Training / User Awareness & Training
"
PROTECT",2.I,2.I Basic Cybersecurity Training: Organizational users learn and perform more secure behaviors,"At least annual trainings for all organizational employees and contractors that cover basic security concepts, such as phishing, business email compromise, basic operational security, password security, etc., as well as foster an internal culture of security and cyber awareness.

New employees receive initial cybersecurity training within 10 days of onboarding and recurring training on at least an annual basis.","PR.AT-01.02: Cybersecurity awareness training includes, at a minimum, awareness of and competencies for data protection, personal data handling, compliance obligations, working with third parties, detecting cyber risks, and how to report any unusual activity or incidents.",PROTECT / Awareness and Training / User Awareness & Training
"
PROTECT",2.J,2.J OT Cybersecurity Training: Personnel responsible for securing OT assets received specialized OT-focused cybersecurity training.,"In addition to basic cybersecurity training, personnel who maintain or secure OT as part of their regular duties receive OT-specific cybersecurity training on at least an annual basis.","PR.AT-02.02: High-risk groups, such as those with elevated privileges or in sensitive business functions (including privileged users, senior executives, cybersecurity personnel and third-party stakeholders), receive cybersecurity situational awareness training for their roles and responsibilities.",PROTECT / Awareness and Training / Specialized Role Awareness & Training
"
PROTECT",2.K,2.K Strong and Agile Encryption: Effective encryption deployed to maintain confidentiality of sensitive data and integrity of IT and OT traffic,"Properly configured and up-to-date secure socket layer (SSL) / transport layer security (TLS) is utilized to protect data in transit, when technically feasible.  Organizations should also plan to identify any use of outdated or weak encryption, update these to sufficiently strong algorithms, and consider managing the implications of post-quantum cryptography. 

OT: To minimize the impact to latency and availability, encryption is used when feasible, usually for OT communications connecting with remote/external assets.","PR.PS-01.05: Acceptable encryption standards, methods, and management practices are established in accordance with defined industry standards.",PROTECT / Platform Security / Configuration Management
"
PROTECT",2.K,2.K Strong and Agile Encryption: Effective encryption deployed to maintain confidentiality of sensitive data and integrity of IT and OT traffic,"Properly configured and up-to-date secure socket layer (SSL) / transport layer security (TLS) is utilized to protect data in transit, when technically feasible.  Organizations should also plan to identify any use of outdated or weak encryption, update these to sufficiently strong algorithms, and consider managing the implications of post-quantum cryptography. 

OT: To minimize the impact to latency and availability, encryption is used when feasible, usually for OT communications connecting with remote/external assets.",PR.PS-01.06: The organization employs defined encryption methods and management practices commensurate with the criticality of the information being protected and the inherent risk of the technical environment where used.,PROTECT / Platform Security / Configuration Management
"
PROTECT",2.L,2.L Secure Sensitive Data: Protect sensitive information from unauthorized access.,"Sensitive data, including credentials, are not stored in plaintext anywhere in the organization and can only be accessed by authenticated and authorized users. Credentials are stored in a secure manner, such as with a credential/password manager or vault, or other privileged account management solution.","PR.DS-01.01: Data-at-rest is protected commensurate with the criticality and sensitivity of the information and in alignment with the data classification and protection policy (e.g., through the use of encryption, authentication, access control, segregation, masking, tokenization, and file integrity monitoring).",PROTECT / Data Security / Protection of Data at Rest
"
PROTECT",2.M,"2.M Email Security: Reduce risk from common email-based threats, such as spoofing, phishing, and interception.","On all corporate email infrastructure (1) STARTTLS is enabled, (2) Sender Policy Framework (SPF) and DomainKeys Identified Mail (DKIM) are enabled, and (3) Domain-based Message Authentication, Reporting, and Conformance (DMARC) is enabled and set to ""reject."" For further examples and information, see CISA’s past guidance for federal agencies at: https://www.cisa.gov/binding-operational-directive-18-01","PR.AA-03.03: The organization reduces fraudulent activity and protects reputational integrity through email verification mechanisms (e.g., DMARC, DKIM), call-back verification, secure file exchange facilities, out-of-band communications, customer outreach and education, and other tactics designed to thwart imposters and fraudsters.","PROTECT / Identity Management, Authentication, and Access Control / Authentication"
"
PROTECT",2.M,"2.M Email Security: Reduce risk from common email-based threats, such as spoofing, phishing, and interception.","On all corporate email infrastructure (1) STARTTLS is enabled, (2) Sender Policy Framework (SPF) and DomainKeys Identified Mail (DKIM) are enabled, and (3) Domain-based Message Authentication, Reporting, and Conformance (DMARC) is enabled and set to ""reject."" For further examples and information, see CISA’s past guidance for federal agencies at: https://www.cisa.gov/binding-operational-directive-18-01","PR.PS-05.03: The organization has policies, procedures, and tools in place to detect, isolate, and block the use of attached malware or malicious links present in email or message services.",PROTECT / Platform Security / Unauthorized Software Installation & Execution
"
PROTECT",2.N,"2.N Disable Macros by Default: Reduce the risk from embedded macros and similar executive code, a common and highly effective threat actor TTP.","A system-enforced policy that disables Microsoft Office macros, or similar embedded code, by default on all devices. If macros must be enabled in specific circumstances, there is a policy for authorized users to request that macros are enabled on specific assets.","PR.PS-05.01: The organization has policies, procedures, and tools in place to detect and block malware from infecting networks and systems, including automatically updating malware signatures and behavior profiles on all endpoints.",PROTECT / Platform Security / Unauthorized Software Installation & Execution
"
PROTECT",2.N,"2.N Disable Macros by Default: Reduce the risk from embedded macros and similar executive code, a common and highly effective threat actor TTP.","A system-enforced policy that disables Microsoft Office macros, or similar embedded code, by default on all devices. If macros must be enabled in specific circumstances, there is a policy for authorized users to request that macros are enabled on specific assets.","PR.PS-05.02: The organization implements safeguards against unauthorized mobile code (e.g., JavaScript, ActiveX, VBScript, PowerShell, etc.) on mobile, end point, and server systems.",PROTECT / Platform Security / Unauthorized Software Installation & Execution
"
PROTECT",2.O,"2.O Document device configurations: More efficiently and effectively manage, respond to, and recover from cyberattacks against the organization and maintain service continuity.",Organizations maintain accurate documentation describing the baseline and current configuration details of all critical IT and OT assets to facilitate more effective vulnerability management and response and recovery activities. Periodic reviews and updates are performed and tracked on a recurring basis.,"PR.PS-01.01: The organization establishes and maintains standard system security configuration baselines, informed by industry standards and hardening guidelines, to facilitate the consistent application of security settings, configurations, and versions.",PROTECT / Platform Security / Configuration Management
"
PROTECT",2.P,2.P Document Network Topology: More efficiently and effectively respond to cyberattacks and maintain service continuity.,Organizations maintain accurate documentation describing updated network topology and relevant information across all IT and OT networks. Periodic reviews and updates should be performed and tracked on a recurring basis.,"ID.AM-03.01: The organization maintains current maps of network resources, mobile resources, external connections, network-connected third parties, and network data flows.",IDENTIFY / Asset Management / Network Communications & Data Flows
"
PROTECT",2.Q,"2.Q Hardware and Software Approval Process: Increase visibility into deployed technology assets, and reduce the likelihood of breach by users installing unapproved hardware, firmware, or software.","Implement an administrative policy or automated process that requires approval before new hardware, firmware, or software/software version is installed or deployed. Organizations maintain a risk-informed allowlist of approved hardware, firmware, and software that includes specification of approved versions, when technically feasible.  For OT assets specifically, these actions should also be aligned with defined change control and testing activities.","ID.AM-08.02: The organization establishes policies, and employs methods to identify, assess, and manage technology solutions that are acquired, managed, or used outside of established, governed technology and cybersecurity processes (i.e., ""Shadow IT"").",IDENTIFY / Asset Management / Asset Life Cycle Management
"
PROTECT",2.Q,"2.Q Hardware and Software Approval Process: Increase visibility into deployed technology assets, and reduce the likelihood of breach by users installing unapproved hardware, firmware, or software.","Implement an administrative policy or automated process that requires approval before new hardware, firmware, or software/software version is installed or deployed. Organizations maintain a risk-informed allowlist of approved hardware, firmware, and software that includes specification of approved versions, when technically feasible.  For OT assets specifically, these actions should also be aligned with defined change control and testing activities.","PR.PS-01.01: The organization establishes and maintains standard system security configuration baselines, informed by industry standards and hardening guidelines, to facilitate the consistent application of security settings, configurations, and versions.",PROTECT / Platform Security / Configuration Management
"
PROTECT",2.Q,"2.Q Hardware and Software Approval Process: Increase visibility into deployed technology assets, and reduce the likelihood of breach by users installing unapproved hardware, firmware, or software.","Implement an administrative policy or automated process that requires approval before new hardware, firmware, or software/software version is installed or deployed. Organizations maintain a risk-informed allowlist of approved hardware, firmware, and software that includes specification of approved versions, when technically feasible.  For OT assets specifically, these actions should also be aligned with defined change control and testing activities.",PR.PS-01.03: The organization employs detection measures and performs regular enforcement checks to ensure that non-compliance with baseline security standards are promptly identified and rectified.,PROTECT / Platform Security / Configuration Management
"
PROTECT",2.Q,"2.Q Hardware and Software Approval Process: Increase visibility into deployed technology assets, and reduce the likelihood of breach by users installing unapproved hardware, firmware, or software.","Implement an administrative policy or automated process that requires approval before new hardware, firmware, or software/software version is installed or deployed. Organizations maintain a risk-informed allowlist of approved hardware, firmware, and software that includes specification of approved versions, when technically feasible.  For OT assets specifically, these actions should also be aligned with defined change control and testing activities.","DE.CM-09.03: The organization has policies, procedures, and tools in place to monitor for, detect, and block the use of unsupported or unauthorized software, hardware, or configuration changes.","DETECT / Continuous Monitoring / Hardware, Software, & Data Monitoring"
"
PROTECT",2.R,2.R System Backups: Organizations reduce the likelihood and duration of data loss at loss of service delivery or operations.,"All systems that are necessary for operations are regularly backed up on a regular cadence (no less than once per year).  

Backups are stored separately from the source systems and tested on a recurring basis, no less than once per year. Stored information for OT assets includes at a minimum: configurations, roles, programmable controler (PLC) logic, engineering drawings, and tools.","PR.DS-11.01: The organization defines and implements standards and procedures for configuring and performing backups and data replications, including defining backup requirements by data/application/infrastructure criticality, segregating (e.g., air-gapping) and securing backups, verifying backup integrity, and performing backup restoration testing.",PROTECT / Data Security / Data Backup
"
PROTECT",2.R,2.R System Backups: Organizations reduce the likelihood and duration of data loss at loss of service delivery or operations.,"All systems that are necessary for operations are regularly backed up on a regular cadence (no less than once per year).  

Backups are stored separately from the source systems and tested on a recurring basis, no less than once per year. Stored information for OT assets includes at a minimum: configurations, roles, programmable controler (PLC) logic, engineering drawings, and tools.","ID.IM-02.06: The organization designs and tests its systems and processes to enable recovery of accurate data (e.g., material financial transactions) sufficient to support defined business recovery time and recovery point objectives.",IDENTIFY / Improvement / Tests & Exercises
"
PROTECT",2.S,"2.S Incident Response (IR) Plans: Organizations maintain, practice, and update cybersecurity incident response plans for relevant threat scenarios.","Organizations have, maintain, update, and regularly drill IT and OT cybersecurity incident response plans for both common and organizationally-specific (e.g., by sector, locality) threat scenarios and TTPs. When conducted, tests or drills are as realistic as feasible. IR plans are drilled at least annually, and are updated within a risk-informed time frame following the lessons learned portion of any exercise or drill.","ID.IM-04.01: The organization's business continuity, disaster recovery, crisis management, and response plans are in place and managed, aligned with each other, and incorporate considerations of cyber incidents.",IDENTIFY / Improvement / Plans Affecting Operatons
"
PROTECT",2.S,"2.S Incident Response (IR) Plans: Organizations maintain, practice, and update cybersecurity incident response plans for relevant threat scenarios.","Organizations have, maintain, update, and regularly drill IT and OT cybersecurity incident response plans for both common and organizationally-specific (e.g., by sector, locality) threat scenarios and TTPs. When conducted, tests or drills are as realistic as feasible. IR plans are drilled at least annually, and are updated within a risk-informed time frame following the lessons learned portion of any exercise or drill.","ID.IM-02.05: The organization establishes testing programs that include a range of scenarios, including severe but plausible scenarios (e.g., disruptive, destructive, corruptive), that could affect the organization's ability to service internal and external stakeholders.",IDENTIFY / Improvement / Tests & Exercises
"
PROTECT",2.S,"2.S Incident Response (IR) Plans: Organizations maintain, practice, and update cybersecurity incident response plans for relevant threat scenarios.","Organizations have, maintain, update, and regularly drill IT and OT cybersecurity incident response plans for both common and organizationally-specific (e.g., by sector, locality) threat scenarios and TTPs. When conducted, tests or drills are as realistic as feasible. IR plans are drilled at least annually, and are updated within a risk-informed time frame following the lessons learned portion of any exercise or drill.","ID.IM-02.04: The organization's testing program validates the effectiveness of its resilience strategy and response, disaster recovery, and resumption plans on a regular basis or upon major changes to business or system functions, and includes external stakeholders as required.",IDENTIFY / Improvement / Tests & Exercises
"
PROTECT",2.S,"2.S Incident Response (IR) Plans: Organizations maintain, practice, and update cybersecurity incident response plans for relevant threat scenarios.","Organizations have, maintain, update, and regularly drill IT and OT cybersecurity incident response plans for both common and organizationally-specific (e.g., by sector, locality) threat scenarios and TTPs. When conducted, tests or drills are as realistic as feasible. IR plans are drilled at least annually, and are updated within a risk-informed time frame following the lessons learned portion of any exercise or drill.","ID.IM-04.08: The organization regularly reviews response strategy, incident management plans, recovery plans, and associated tests and exercises and updates them, as necessary, based on:
(1) Lessons learned from incidents that have occurred (both internal and external to the organization);
(2) Current cyber threat intelligence (both internal and external sources);
(3) Recent and wide-scale cyber attack scenarios;
(4) Operationally and technically plausible future cyber attacks;
(5) Organizational or technical environment changes; and,
(6) New technological developments.",IDENTIFY / Improvement / Plans Affecting Operatons
"
PROTECT",2.T,2.T Log Collection: Achieve better visibility to detect and effectively respond to cyberattacks.,"Access- and security-focused logs (e.g., intrusion detection systems/intrusion prevention systems, firewall, data loss prevention, virtual private network) are collected and stored for use in both detection and incident response activities (e.g., forensics). Security teams are notified when a critical log source is disabled, such as Windows Event Logging.

OT: For OT assets where logs are non-standard or not available, network traffic and communications between those assets and other assets is collected.","PR.PS-04.01: The organization establishes and regularly reviews log management standards and practices, to include the types of events to be detected, log content, security and access considerations, monitoring protocols, integrity checking mechanisms, and retention periods.",PROTECT / Platform Security / Log Record Generation
"
PROTECT",2.T,2.T Log Collection: Achieve better visibility to detect and effectively respond to cyberattacks.,"Access- and security-focused logs (e.g., intrusion detection systems/intrusion prevention systems, firewall, data loss prevention, virtual private network) are collected and stored for use in both detection and incident response activities (e.g., forensics). Security teams are notified when a critical log source is disabled, such as Windows Event Logging.

OT: For OT assets where logs are non-standard or not available, network traffic and communications between those assets and other assets is collected.","PR.PS-04.02: The organization defines the scope and coverage of audit/log records to be created and monitored (i.e., internal and external environments, devices, and applications/services/software to be monitored) and has controls in place to ensure that the intended scope is fully covered and that no logging failures are inhibiting the collection of required logs.",PROTECT / Platform Security / Log Record Generation
"
PROTECT",2.U,2.U Secure Log Storage: Organizations' security logs are protected from unauthorized access and tampering.,"Logs are stored in a central system, such as a security information and event management tool or central database, and can only be accessed or modified by authorized and authenticated users. Logs are stored for a duration informed by risk or pertinent regulatory guidelines.","PR.PS-04.03: The organization's activity logs and other security event logs are generated, reviewed, securely stored, and retained in accordance with data retention obligations and established standards.",PROTECT / Platform Security / Log Record Generation
"
PROTECT",2.V,2.V Prohibit Connection of Unauthorized Devices : Prevent malicious actors from achieving initial access or data exfiltration via unauthorized portable media devices.,"Organizations maintain policies and processes to ensure that unauthorized media and hardware are not connected to IT and OT assets, such as by limiting use of USB devices and removable media or disabling AutoRun. 

OT: When feasible, establish procedures to remove, disable, or otherwise secure physical ports to prevent the connection of unauthorized devices or establish procedures for granting access through approved exceptions.","PR.DS-01.03: The organization defines and implements controls for the protection and use of removable media (e.g., access/use restrictions, encryption, malware scanning, data loss prevention, etc.)",PROTECT / Data Security / Protection of Data at Rest
"
PROTECT",2.V,2.V Prohibit Connection of Unauthorized Devices : Prevent malicious actors from achieving initial access or data exfiltration via unauthorized portable media devices.,"Organizations maintain policies and processes to ensure that unauthorized media and hardware are not connected to IT and OT assets, such as by limiting use of USB devices and removable media or disabling AutoRun. 

OT: When feasible, establish procedures to remove, disable, or otherwise secure physical ports to prevent the connection of unauthorized devices or establish procedures for granting access through approved exceptions.","DE.CM-01.04: The organization has policies, procedures, and tools in place to monitor for, detect, and block access from/to devices that are not authorized or do not conform to security policy (e.g., unpatched systems).",DETECT / Continuous Monitoring / Network Monitoring
"
PROTECT",2.W,2.W No Exploitable Services on the Internet: Unauthorized users cannot gain an initial system foothold by exploiting known weaknesses in public-facing assets.,"Assets on the public internet expose no exploitable services, such as remote desktop protocol. Where these services must be exposed, appropriate compensating controls are implemented to prevent common forms of abuse and exploitation. All unnecessary OS applications and network protocols are disabled on internet-facing assets.","PR.IR-01.02: Network device configurations (e.g., firewall rules, ports, and protocols) are documented, reviewed and updated regularly and upon change to ensure alignment with network access, segmentation, traversal, and deny-all default requirements.",PROTECT / Technology Infrastructure Resilience / Logical Access Protections
"
PROTECT",2.W,2.W No Exploitable Services on the Internet: Unauthorized users cannot gain an initial system foothold by exploiting known weaknesses in public-facing assets.,"Assets on the public internet expose no exploitable services, such as remote desktop protocol. Where these services must be exposed, appropriate compensating controls are implemented to prevent common forms of abuse and exploitation. All unnecessary OS applications and network protocols are disabled on internet-facing assets.",PR.PS-01.02: The organization's systems are configured to provide only essential capabilities to implement the principle of least functionality.,PROTECT / Platform Security / Configuration Management
"
PROTECT",2.X,2.X Limit OT Connections to Public Internet: Reduce the risk of threat actors exploiting or interrupting OT assets connected to the public internet.,"No OT assets are on the public internet, unless explicitly required for operation. Exceptions must be justified and documented, and excepted assets must have additional protections in place to prevent and detect exploitation attempts (such as logging, MFA, mandatory access via proxy or other intermediary, etc.) .","PR.IR-01.01: Networks, systems, and external connections are segmented (e.g., using firewalls, software-defined networks, guest wireless networks, etc.) to implement defense-in-depth and access isolation principles.",PROTECT / Technology Infrastructure Resilience / Logical Access Protections
"
PROTECT",2.X,2.X Limit OT Connections to Public Internet: Reduce the risk of threat actors exploiting or interrupting OT assets connected to the public internet.,"No OT assets are on the public internet, unless explicitly required for operation. Exceptions must be justified and documented, and excepted assets must have additional protections in place to prevent and detect exploitation attempts (such as logging, MFA, mandatory access via proxy or other intermediary, etc.) .",PR.PS-01.02: The organization's systems are configured to provide only essential capabilities to implement the principle of least functionality.,PROTECT / Platform Security / Configuration Management
"
PROTECT",2.X,2.X Limit OT Connections to Public Internet: Reduce the risk of threat actors exploiting or interrupting OT assets connected to the public internet.,"No OT assets are on the public internet, unless explicitly required for operation. Exceptions must be justified and documented, and excepted assets must have additional protections in place to prevent and detect exploitation attempts (such as logging, MFA, mandatory access via proxy or other intermediary, etc.) .","PR.IR-01.07: The organization defines and implements controls for securely configuring and operating Operational Technologies, Industrial Control Systems, and Internet-of-Things (IoT) devices (e.g., segregated printer networks, resetting of default passwords, etc.)",PROTECT / Technology Infrastructure Resilience / Logical Access Protections
"
DETECT",3.A,3.A Detecting Relevant Threats and TTPs: Organizations are aware of and able to detect relevant threats and TTPs.,"Organizations document a list of threats and cyber actor TTPs relevant to their organization (e.g., based on industry, sectors), and maintain the ability (such as via rules, alerting, or commercial prevention and detection systems) to detect instances of those key threats.","DE.AE-03.02: The organization performs real-time central analysis, aggregation, and correlation of anomalous activities, network and system alerts, and relevant event and cyber threat intelligence, including both internal and external (cloud and outsourced) environments, to better detect and prevent multifaceted cyber attacks.",DETECT / Adverse Event Analysis / Event Information Correlation
"
DETECT",3.A,3.A Detecting Relevant Threats and TTPs: Organizations are aware of and able to detect relevant threats and TTPs.,"Organizations document a list of threats and cyber actor TTPs relevant to their organization (e.g., based on industry, sectors), and maintain the ability (such as via rules, alerting, or commercial prevention and detection systems) to detect instances of those key threats.","DE.AE-02.02: The organization establishes, documents, and regularly reviews event alert parameters and thresholds, as well as rule-based triggers to support automated responses, when known attack patterns, signatures or behaviors are detected.",DETECT / Adverse Event Analysis / Potentially Adverse Event Analysis
"
DETECT",3.A,3.A Detecting Relevant Threats and TTPs: Organizations are aware of and able to detect relevant threats and TTPs.,"Organizations document a list of threats and cyber actor TTPs relevant to their organization (e.g., based on industry, sectors), and maintain the ability (such as via rules, alerting, or commercial prevention and detection systems) to detect instances of those key threats.","DE.AE-03.01: The organization implements systematic and real-time logging, collection, monitoring, detection, and alerting measures across multiple layers of the organization's infrastructure, including physical perimeters, network, operating systems, applications, data, and external (cloud and outsourced) environments, sufficient to protect the organization's information assets.",DETECT / Adverse Event Analysis / Event Information Correlation
"
RESPOND",4.A,4.A Incident Reporting: CISA and other organizations are better able to provide assistance or understand the broader scope of a cyberattack.,"Organizations maintain codified policy and procedures on to whom and how to report all confirmed cybersecurity incidents to appropriate external entities (e.g., state/federal regulators or SRMA's as required, ISAC/ISAO, as well as CISA).

Known incidents are reported to CISA as well as other necessary parties within time frames directed by applicable regulatory guidance or in the absence of guidance, as soon as safely capable. This goal will be revisited following full implementation of the Cyber Incident Reporting for Critical Infrastructure Act of 2022 (CIRCIA).","DE.AE-06.01: The organization has established processes and protocols to communicate, alert, and regularly report potential cyber attacks and incident information, including its corresponding analysis and cyber threat intelligence, to authorized internal and external stakeholders.",DETECT / Adverse Event Analysis / Event Information Sharing
"
RESPOND",4.A,4.A Incident Reporting: CISA and other organizations are better able to provide assistance or understand the broader scope of a cyberattack.,"Organizations maintain codified policy and procedures on to whom and how to report all confirmed cybersecurity incidents to appropriate external entities (e.g., state/federal regulators or SRMA's as required, ISAC/ISAO, as well as CISA).

Known incidents are reported to CISA as well as other necessary parties within time frames directed by applicable regulatory guidance or in the absence of guidance, as soon as safely capable. This goal will be revisited following full implementation of the Cyber Incident Reporting for Critical Infrastructure Act of 2022 (CIRCIA).","RS.CO-02.02: In the event of an incident, the organization notifies impacted stakeholders including, as required, government bodies, self-regulatory agencies and/or other supervisory bodies, within required timeframes.",RESPOND / Incident Response Reporting and Communication / Stakeholder Incident Notification
"
RESPOND",4.A,4.A Incident Reporting: CISA and other organizations are better able to provide assistance or understand the broader scope of a cyberattack.,"Organizations maintain codified policy and procedures on to whom and how to report all confirmed cybersecurity incidents to appropriate external entities (e.g., state/federal regulators or SRMA's as required, ISAC/ISAO, as well as CISA).

Known incidents are reported to CISA as well as other necessary parties within time frames directed by applicable regulatory guidance or in the absence of guidance, as soon as safely capable. This goal will be revisited following full implementation of the Cyber Incident Reporting for Critical Infrastructure Act of 2022 (CIRCIA).","RS.CO-03.02: In the event of an incident, the organization shares authorized information, in a defined manner and through trusted channels, to facilitate the detection, response, resumption and recovery of its own systems and those of other partners and critical sector participants.",RESPOND / Incident Response Reporting and Communication / Stakeholder Incident Information Sharing
"
RESPOND",4.B,4.B Vulnerability Disclosure/Reporting: Organizations more rapidly learn about vulnerabilities or weaknesses in their assets discovered by security researchers; researchers are more incentivized to responsibly share their findings.,"Consistent with NIST SP 800-53 Revision 5 (https://csrc.nist.gov/publications/detail/sp/800-53/rev-5/final), organizations maintain a public, easily discoverable method for security researchers to notify (e.g., via email address or web form) organizations' security teams of vulnerable, misconfigured, or otherwise exploitable assets. Valid submissions are acknowledged and responded to in a timely manner, taking into account the completeness and complexity of the vulnerability.  Validated and exploitable weaknesses are mitigated consistent with their severity.

Security researchers sharing vulnerabilities discovered in good faith are protected under Safe Harbor rules.

In instances where vulnerabilities are validated and disclosed, public acknowledgement is given to the researcher who originally submitted the notification.","ID.RA-08.01: The organization has established enterprise processes for soliciting, receiving and appropriately channeling vulnerability disclosures from:
(1) Public sources (e.g., customers and security researchers);
(2) Vulnerability sharing forums (e.g., FS-ISAC); and
(3) Third-parties (e.g., cloud vendors);
(4) Internal sources (e.g., development teams).",IDENTIFY / Risk Assessment / Vulnerability Disclosure Response
"
RESPOND",4.C,4.C Deploy Security.txt Files: Allow security researchers to submit discovered weaknesses or vulnerabilities faster.,All public-facing web domains have a security.txt file that conforms to the recommendations in RFC 9116.,"ID.RA-08.01: The organization has established enterprise processes for soliciting, receiving and appropriately channeling vulnerability disclosures from:
(1) Public sources (e.g., customers and security researchers);
(2) Vulnerability sharing forums (e.g., FS-ISAC); and
(3) Third-parties (e.g., cloud vendors);
(4) Internal sources (e.g., development teams).",IDENTIFY / Risk Assessment / Vulnerability Disclosure Response
"
RECOVER",5.A,5.A Incident Planning and Preparedness: Organizations are capable of safely and effectively recovering from a cybersecurity incident.,"Develop, maintain, and execute plans to recover and restore to service business- or mission-critical assets or systems that might be impacted by a cybersecurity incident","ID.IM-04.01: The organization's business continuity, disaster recovery, crisis management, and response plans are in place and managed, aligned with each other, and incorporate considerations of cyber incidents.",IDENTIFY / Improvement / Plans Affecting Operatons
"
RECOVER",5.A,5.A Incident Planning and Preparedness: Organizations are capable of safely and effectively recovering from a cybersecurity incident.,"Develop, maintain, and execute plans to recover and restore to service business- or mission-critical assets or systems that might be impacted by a cybersecurity incident","RC.RP-01.01: The organization executes its recovery plans, including incident recovery, disaster recovery, and business continuity plans, during or after an incident to resume operations.",RECOVER / Incident Recovery Plan Execution / Recovery Plan Execution
"
RECOVER",5.A,5.A Incident Planning and Preparedness: Organizations are capable of safely and effectively recovering from a cybersecurity incident.,"Develop, maintain, and execute plans to recover and restore to service business- or mission-critical assets or systems that might be impacted by a cybersecurity incident","RC.RP-02.02: Recovery plans are executed by first resuming critical services and core business functions, while minimizing any potential concurrent and widespread interruptions to interconnected entities and critical infrastructure, such as energy and telecommunications.",RECOVER / Incident Recovery Plan Execution / Recovery Action Performance
