NIST IR 8374 Ransomware Risk Management Profile to CRI Profile ver. 2.1 Mapping,NIST IR 8374 Ransomware Risk Management Profile to CRI Profile ver. 2.1 Mapping,NIST IR 8374 Ransomware Risk Management Profile to CRI Profile ver. 2.1 Mapping,NIST IR 8374 Ransomware Risk Management Profile to CRI Profile ver. 2.1 Mapping,NIST IR 8374 Ransomware Risk Management Profile to CRI Profile ver. 2.1 Mapping,
NIST Cybersecurity Framework v1.1,NIST Cybersecurity Framework v1.1,NIST Cybersecurity Framework v1.1,NIST IR 8327 Ransomware Profile,CRI Profile ver. 2.1,CRI Profile ver. 2.1
CSF Function,CSF Category,CSF Subcategory,Ransomware Application,CRI Profile v2.1 Diagnostic Statement,CRI Profile Subcategory
"
IDENTIFY","Asset Management (ID.AM): The data, personnel, devices, systems, and facilities that enable the organization to achieve business purposes are identified and managed consistent with their relative importance to organizational objectives and the organization’s risk strategy.",ID.AM-01: Physical devices and systems within the organization are inventoried,"An inventory of physical devices should be undertaken, reviewed, and maintained to ensure these devices are not vulnerable to ransomware. It is also beneficial to have a hardware inventory during the recovery phases after a ransomware attack, should a re- installation of applications be necessary.","ID.AM-01.01: The organization maintains a current and complete asset inventory of physical devices, hardware, and information systems.",IDENTIFY / Asset Management / Hardware Inventory
"
IDENTIFY","Asset Management (ID.AM): The data, personnel, devices, systems, and facilities that enable the organization to achieve business purposes are identified and managed consistent with their relative importance to organizational objectives and the organization’s risk strategy.",ID.AM-02: Software platforms and applications within the organization are inventoried,"Software inventories may track information such as software name and version, devices where it is currently installed, last patch date, and current known vulnerabilities. This information supports the remediation of vulnerabilities that could be exploited in ransomware attacks.","ID.AM-02.01: The organization maintains a current and complete inventory of software platforms, business applications, and other software assets (e.g., virtual machines and virtual network devices).","IDENTIFY / Asset Management / Software, Services, & Systems Inventory"
"
IDENTIFY","Asset Management (ID.AM): The data, personnel, devices, systems, and facilities that enable the organization to achieve business purposes are identified and managed consistent with their relative importance to organizational objectives and the organization’s risk strategy.",ID.AM-03: Organizational communication and data flows are mapped,"This helps to enumerate what information or processes are at risk, should the attackers move laterally within an environment.","ID.AM-03.01: The organization maintains current maps of network resources, mobile resources, external connections, network-connected third parties, and network data flows.",IDENTIFY / Asset Management / Network Communications & Data Flows
"
IDENTIFY","Asset Management (ID.AM): The data, personnel, devices, systems, and facilities that enable the organization to achieve business purposes are identified and managed consistent with their relative importance to organizational objectives and the organization’s risk strategy.",ID.AM-03: Organizational communication and data flows are mapped,"This helps to enumerate what information or processes are at risk, should the attackers move laterally within an environment.","ID.AM-07.01: The organization maintains a current inventory of the data being created, stored, or processed by its information assets and data flow diagrams depicting key internal and external data flows.",IDENTIFY / Asset Management / Data & Metadata Inventory
"
IDENTIFY","Asset Management (ID.AM): The data, personnel, devices, systems, and facilities that enable the organization to achieve business purposes are identified and managed consistent with their relative importance to organizational objectives and the organization’s risk strategy.",ID.AM-04: External information systems are catalogued,This is important for planning communications to partners and possible actions to temporarily disconnect from external systems in response to ransomware events. Identifying these connections will also help organizations plan security control implementation and identify areas where controls may be shared with third parties.,"ID.AM-04.01: Hardware, software, and data assets maintained by or located at suppliers or other third parties are included in asset management inventories and lifecycle management processes as required for effective management and security.",IDENTIFY / Asset Management / Supplier Services Inventory
"
IDENTIFY","Asset Management (ID.AM): The data, personnel, devices, systems, and facilities that enable the organization to achieve business purposes are identified and managed consistent with their relative importance to organizational objectives and the organization’s risk strategy.","ID.AM-05: Resources (e.g., hardware, devices, data, time, personnel, and software) are prioritized based on their classification, criticality, and business value","This is essential to understanding the true scope and impact of ransomware events – and is important in contingency planning for future ransomware events, emergency response, and recovery actions. It helps operations and incident responders to prioritize resources and supports contingency planning for future ransomware events, emergency response, and recovery actions. If there is an associated industrial control system (ICS), its critical functions should be included in emergency response and recovery actions.","ID.AM-05.02: The organization's hardware, software, and data assets are prioritized for protection based on their sensitivity, criticality, vulnerability, business value, and dependency role in the delivery of critical services.",IDENTIFY / Asset Management / Asset Protection Prioritization
"
IDENTIFY","Asset Management (ID.AM): The data, personnel, devices, systems, and facilities that enable the organization to achieve business purposes are identified and managed consistent with their relative importance to organizational objectives and the organization’s risk strategy.","ID.AM-06: Cybersecurity roles and responsibilities for the entire workforce and third-party stakeholders (e.g., suppliers, customers, partners) are established","It is important that everyone in the organization understand their roles and responsibilities for preventing ransomware events and, if applicable, for responding to and recovering from ransomware events. These roles and responsibilities should be formally documented in an incident response plan. The incident response plan should specify regularly exercising the plan (e.g., running incident response tabletop simulations at least annually).","GV.RR-02.01: The roles, responsibilities, qualifications, and skill requirements for personnel (employees and third parties) that implement, manage, and oversee the technology, cybersecurity, and resilience programs are defined, aligned, coordinated, and holistically managed.","GOVERN / Roles, Responsibilities, and Authorities / Risk Management Roles & Responsibilities"
"
IDENTIFY","Asset Management (ID.AM): The data, personnel, devices, systems, and facilities that enable the organization to achieve business purposes are identified and managed consistent with their relative importance to organizational objectives and the organization’s risk strategy.","ID.AM-06: Cybersecurity roles and responsibilities for the entire workforce and third-party stakeholders (e.g., suppliers, customers, partners) are established","It is important that everyone in the organization understand their roles and responsibilities for preventing ransomware events and, if applicable, for responding to and recovering from ransomware events. These roles and responsibilities should be formally documented in an incident response plan. The incident response plan should specify regularly exercising the plan (e.g., running incident response tabletop simulations at least annually).","ID.IM-04.02: The organization's incident response and business continuity plans contain clearly defined roles, responsibilities, and levels of decision-making authority, and include all needed areas of participation and expertise across the organization and key third-parties.",IDENTIFY / Improvement / Plans Affecting Operatons
"
IDENTIFY","Business Environment (ID.BE): The organization’s mission, objectives, stakeholders, and activities are understood and prioritized; this information is used to inform cybersecurity roles, responsibilities, and risk management decisions.",ID.BE-02: The organization’s place in critical infrastructure and its industry sector is identified and communicated,This allows national computer security incident response teams to better understand the targeted organization’s place in the critical infrastructure environment and permits them to react in a timely manner in case of cross- sector impacts. This also encourages the organization and its external stakeholders to consider downstream effects from the ransomware attack.,GV.OC-02.02: Technology and cybersecurity risk management strategies identify and communicate the organization’s role within the financial services sector as a component of critical infrastructure.,GOVERN / Organizational Context / Stakeholder Risk Management Expectations
"
IDENTIFY","Business Environment (ID.BE): The organization’s mission, objectives, stakeholders, and activities are understood and prioritized; this information is used to inform cybersecurity roles, responsibilities, and risk management decisions.",ID.BE-02: The organization’s place in critical infrastructure and its industry sector is identified and communicated,This allows national computer security incident response teams to better understand the targeted organization’s place in the critical infrastructure environment and permits them to react in a timely manner in case of cross- sector impacts. This also encourages the organization and its external stakeholders to consider downstream effects from the ransomware attack.,GV.OC-02.03: Technology and cybersecurity risk management strategies identify and communicate the organization's role as it relates to other critical infrastructure sectors outside of the financial services sector and the interdependency risks.,GOVERN / Organizational Context / Stakeholder Risk Management Expectations
"
IDENTIFY","Business Environment (ID.BE): The organization’s mission, objectives, stakeholders, and activities are understood and prioritized; this information is used to inform cybersecurity roles, responsibilities, and risk management decisions.","ID.BE-03: Priorities for organizational mission, objectives, and activities are established and communicated","This helps operations and incident responders to prioritize resources. It supports contingency planning for future ransomware events, emergency response, and recovery actions.","GV.OC-01.01: Technology and cybersecurity strategies, architectures, and programs are formally governed to align with and support the organization's mission, objectives, priorities, tactical initiatives, and risk profile.",GOVERN / Organizational Context / Organizational Mission
"
IDENTIFY","Business Environment (ID.BE): The organization’s mission, objectives, stakeholders, and activities are understood and prioritized; this information is used to inform cybersecurity roles, responsibilities, and risk management decisions.",ID.BE-04: Dependencies and critical functions for delivery of critical services are established,"This helps with identifying secondary and tertiary components critical in supporting the organization’s core business functions. This is needed to prioritize contingency plans for future events and emergency responses to ransomware events. If there is an associated ICS, its critical functions should be included in emergency response and recovery actions.","GV.OC-04.02: The organization documents the business processes that are critical for the delivery of services and the functioning of the organization, and the impacts to the business if those processes are degraded or not functioning.",GOVERN / Organizational Context / Stakeholder Service Expectations
"
IDENTIFY","Business Environment (ID.BE): The organization’s mission, objectives, stakeholders, and activities are understood and prioritized; this information is used to inform cybersecurity roles, responsibilities, and risk management decisions.",ID.BE-04: Dependencies and critical functions for delivery of critical services are established,"This helps with identifying secondary and tertiary components critical in supporting the organization’s core business functions. This is needed to prioritize contingency plans for future events and emergency responses to ransomware events. If there is an associated ICS, its critical functions should be included in emergency response and recovery actions.","GV.OC-05.01: The organization identifies, assesses, and documents the key dependencies, interdependencies, and potential points of failure to support the delivery of critical services (e.g., systems, business processes, workforce, third parties, facilities, etc.)",GOVERN / Organizational Context / Organizational Service Dependencies
"
IDENTIFY","Governance (ID.GV): The policies, procedures, and processes to manage and monitor the organization’s regulatory, legal, risk, environmental, and operational requirements are understood and inform the management of cybersecurity risk.",ID.GV-01: Organizational cybersecurity policy is established and communicated,"Establishing and communicating policies needed to prevent or mitigate ransomware events is essential and fundamental to all other prevention and mitigation activities. Where practical, these policies should be reviewed periodically to reflect the dynamic nature of risk and the reality of needed ongoing adjustments.","GV.PO-01.01: Technology and cybersecurity policies are documented, maintained and approved by the governing authority (e.g., the Board or one of its committees) or a designated executive.","GOVERN / Policies, Processes, and Procedures / Establishment of Policies & Procedures"
"
IDENTIFY","Governance (ID.GV): The policies, procedures, and processes to manage and monitor the organization’s regulatory, legal, risk, environmental, and operational requirements are understood and inform the management of cybersecurity risk.","ID.GV-03: Legal and regulatory requirements regarding cybersecurity, including privacy and civil liberties obligations, are understood and managed",This is necessary for developing cybersecurity policies and establishing priorities in contingency planning for response to future ransomware events.,"GV.OC-03.01: The organization's technology and cybersecurity strategy, framework, and policies align and are consistent with the organization's legal, statutory, contractual, and regulatory obligations and ensure that compliance responsibilities are unambiguously assigned.","GOVERN / Organizational Context / Legal, Regulatory, & Contractual Requirements"
"
IDENTIFY","Governance (ID.GV): The policies, procedures, and processes to manage and monitor the organization’s regulatory, legal, risk, environmental, and operational requirements are understood and inform the management of cybersecurity risk.","ID.GV-03: Legal and regulatory requirements regarding cybersecurity, including privacy and civil liberties obligations, are understood and managed",This is necessary for developing cybersecurity policies and establishing priorities in contingency planning for response to future ransomware events.,"GV.OC-03.02: The organization implements and maintains a documented policy or policies that address customer data privacy that is approved by a designated officer or the organization’s appropriate governing body (e.g., the Board or one of its committees).","GOVERN / Organizational Context / Legal, Regulatory, & Contractual Requirements"
"
IDENTIFY","Governance (ID.GV): The policies, procedures, and processes to manage and monitor the organization’s regulatory, legal, risk, environmental, and operational requirements are understood and inform the management of cybersecurity risk.",ID.GV-04: Governance and risk management processes address cybersecurity risks,Ransomware risks must be factored into organizational risk management governance in order to establish adequate cybersecurity policies,"GV.RM-01.01: Technology and cybersecurity risk management strategies and frameworks are approved by the governing authority (e.g., the Board or one of its committees) and incorporated into the overall business strategy and enterprise risk management framework.",GOVERN / Risk Management Strategy / Risk Management Objectives Agreement
"
IDENTIFY","Governance (ID.GV): The policies, procedures, and processes to manage and monitor the organization’s regulatory, legal, risk, environmental, and operational requirements are understood and inform the management of cybersecurity risk.",ID.GV-04: Governance and risk management processes address cybersecurity risks,Ransomware risks must be factored into organizational risk management governance in order to establish adequate cybersecurity policies,"GV.RM-01.03: The organization has established, and maintains, technology and cybersecurity programs designed to protect the confidentiality, integrity and availability of its information and operational systems, commensurate with the organization's risk appetite and business needs.",GOVERN / Risk Management Strategy / Risk Management Objectives Agreement
"
IDENTIFY","Risk Assessment (ID.RA): The organization understands the cybersecurity risk to organizational operations (including mission, functions, image, or reputation), organizational assets, and individuals.",ID.RA-01: Asset vulnerabilities are identified and documented,Identifying and documenting the vulnerabilities of the organization’s assets is crucial in developing plans for and prioritizing mitigation or elimination of those vulnerabilities. These actions also are key to contingency planning for evaluating and responding to future ransomware events and will reduce the likelihood of a successful ransomware attack.,"ID.RA-01.01: The organization identifies, assesses, and documents risks and potential vulnerabilities associated with assets, to include workforce, data, technology, facilities, services, and connections.",IDENTIFY / Risk Assessment / Asset Vulnerability Identification
"
IDENTIFY","Risk Assessment (ID.RA): The organization understands the cybersecurity risk to organizational operations (including mission, functions, image, or reputation), organizational assets, and individuals.",ID.RA-02: Cyber threat intelligence is received from information sharing forums and sources,Receiving and using cyber threat intelligence from information sharing sources can reduce the exposure to ransomware attacks and facilitate early detection of new threats.,"ID.RA-02.01: The organization participates actively (in alignment with its business operations, inherent risk, and complexity) in information-sharing groups and collectives (e.g., cross-industry, cross-government and cross-border groups) to gather, distribute and analyze information about cyber practices, cyber threats, and early warning indicators relating to cyber threats.",IDENTIFY / Risk Assessment / Information Sharing Forums
"
IDENTIFY","Risk Assessment (ID.RA): The organization understands the cybersecurity risk to organizational operations (including mission, functions, image, or reputation), organizational assets, and individuals.",ID.RA-04: Potential business impacts and likelihoods are identified,Understanding the business impacts of potential ransomware events is needed to support cybersecurity cost-benefit analyses as well to establish priorities for activities in ransomware response and recovery plans. Understanding potential business impacts also supports emergency response decisions in the event of a ransomware attack.,ID.RA-04.01: The organization's risk assessment approach includes the analysis and characterization of the likelihood and potential business impact of identified risks being realized.,IDENTIFY / Risk Assessment / Impact & Likelihood Analysis
"
IDENTIFY","Risk Assessment (ID.RA): The organization understands the cybersecurity risk to organizational operations (including mission, functions, image, or reputation), organizational assets, and individuals.",ID.RA-06: Risk responses are identified and prioritized,The expense associated with responding to and recovering from ransomware events is directly affected by the effectiveness of contingency planning for responses to projected risks.,"ID.RA-06.01: Technology and cybersecurity risk management programs and risk assessment processes produce actionable recommendations that the organization uses to select, design, prioritize, implement, maintain, evaluate, and modify cybersecurity and technology controls.",IDENTIFY / Risk Assessment / Risk Response Determination
"
IDENTIFY","Risk Assessment (ID.RA): The organization understands the cybersecurity risk to organizational operations (including mission, functions, image, or reputation), organizational assets, and individuals.",ID.RA-06: Risk responses are identified and prioritized,The expense associated with responding to and recovering from ransomware events is directly affected by the effectiveness of contingency planning for responses to projected risks.,"ID.RA-06.02: The implementation of responses to address identified risks (i.e., risk avoidance, risk mitigation, risk acceptance, or risk transfer (e.g., cyber insurance)) are formulated, assessed, documented, and prioritized based on criticality to the business.",IDENTIFY / Risk Assessment / Risk Response Determination
"
IDENTIFY","Risk Assessment (ID.RA): The organization understands the cybersecurity risk to organizational operations (including mission, functions, image, or reputation), organizational assets, and individuals.",ID.RA-06: Risk responses are identified and prioritized,The expense associated with responding to and recovering from ransomware events is directly affected by the effectiveness of contingency planning for responses to projected risks.,RS.MA-03.01: The organization categorizes and prioritizes cybersecurity incident response consistent with response plans and criticality of systems and services to the enterprise.,RESPOND / Incident Management / Incident Categorization & Prioritization
"
IDENTIFY","Risk Management Strategy (ID.RM): The organization’s priorities, constraints, risk tolerances, and assumptions are established and used to support operational risk decisions.","ID.RM-01: Risk management processes are established, managed, and agreed to by organizational stakeholders","Establishing and enforcing organizational policies, roles, and responsibilities depends on stakeholders agreeing to and implementing effective risk management processes. The processes should take into consideration the risk of a ransomware event. These policies should be reviewed periodically to reflect the dynamic nature of risk and the reality of needed adjustments over time.","GV.RM-01.04: Technology and cybersecurity risk management programs incorporate risk identification, measurement, monitoring, and reporting.",GOVERN / Risk Management Strategy / Risk Management Objectives Agreement
"
IDENTIFY","Risk Management Strategy (ID.RM): The organization’s priorities, constraints, risk tolerances, and assumptions are established and used to support operational risk decisions.","ID.RM-01: Risk management processes are established, managed, and agreed to by organizational stakeholders","Establishing and enforcing organizational policies, roles, and responsibilities depends on stakeholders agreeing to and implementing effective risk management processes. The processes should take into consideration the risk of a ransomware event. These policies should be reviewed periodically to reflect the dynamic nature of risk and the reality of needed adjustments over time.","GV.RM-06.01: Technology and cybersecurity risk management and risk assessment processes and methodologies are documented and regularly reviewed and updated to address changes in the risk profile and risk appetite, the evolving threat environment, and new technologies, products, services, and interdependencies.",GOVERN / Risk Management Strategy / Standardized Risk Management Method
"
IDENTIFY","Supply Chain Risk Management (ID.SC): The organization's priorities, constraints, risk tolerances, and assumptions are established and used to support risk decisions associated with managing supply chain risk.  The processes to identify, assess and manage supply chain risks are implemented.",ID.SC-05: Response and recovery planning and testing are conducted with suppliers and third-party providers,"Ransomware contingency planning should be coordinated with suppliers and third-party providers and should include testing planned activities. The plan should include a scenario where the organization, its suppliers, and third-party providers are all impacted by ransomware.","GV.RM-05.02: The organization establishes minimum requirements for its third-parties that include how the organizations will communicate and coordinate in times of emergency, including:
1) Joint maintenance of contingency plans;
2) Responsibilities for responding to incidents, including forensic investigations;
3) Planning and testing strategies that address severe events in order to identify single points of failure that would cause wide-scale disruption; and
4) Incorporating the potential impact of an incident into their BCM process and ensure resilience capabilities are in place.",GOVERN / Risk Management Strategy / Lines of Communication
"
IDENTIFY","Supply Chain Risk Management (ID.SC): The organization's priorities, constraints, risk tolerances, and assumptions are established and used to support risk decisions associated with managing supply chain risk.  The processes to identify, assess and manage supply chain risks are implemented.",ID.SC-05: Response and recovery planning and testing are conducted with suppliers and third-party providers,"Ransomware contingency planning should be coordinated with suppliers and third-party providers and should include testing planned activities. The plan should include a scenario where the organization, its suppliers, and third-party providers are all impacted by ransomware.","GV.SC-08.01: The organization's resilience strategy, plans, tests, and exercises incorporate its external dependencies and critical business partners.",GOVERN / Supply Chain Risk Management / Third Party Incident Management Integratoin
"
PROTECT","Identity Management and Access Control (PR.AC): Access to physical and logical assets and associated facilities is limited to authorized users, processes, and devices, and is managed consistent with the assessed risk of unauthorized access to authorized activities and transactions.","PR.AC-01: Identities and credentials are issued, managed, verified, revoked, and audited for authorized devices, users and processes","Most ransomware attacks are conducted through network connections, and ransomware attacks often start with credential compromise (e.g., unauthorized sharing or capture of login identity and password). Proper credential management is essential, although not the only mitigation needed.","PR.AA-01.01: Identities and credentials are actively managed or automated for authorized devices and users (e.g., removal of default and factory passwords, password strength requirements, automatic revocation of credentials under defined conditions, regular asset owner access review, etc.).","PROTECT / Identity Management, Authentication, and Access Control / Identity & Credential Management"
"
PROTECT","Identity Management and Access Control (PR.AC): Access to physical and logical assets and associated facilities is limited to authorized users, processes, and devices, and is managed consistent with the assessed risk of unauthorized access to authorized activities and transactions.",PR.AC-03: Remote access is managed,Most ransomware attacks are conducted remotely. Managing privileges associated with remote access can help maintain the integrity of systems and data files to protect against malicious code insertion and data exfiltration. Using multi-factor authentication is a key – and easily implemented – way to reduce the likelihood of account compromise.,"PR.IR-01.05: Remote access is carefully controlled (e.g., restricted to defined systems, access is actively managed (e.g., session timeouts, logging, forced disconnect, etc.), and encrypted connections with multi-factor authentication are used).",PROTECT / Technology Infrastructure Resilience / Logical Access Protections
"
PROTECT","Identity Management and Access Control (PR.AC): Access to physical and logical assets and associated facilities is limited to authorized users, processes, and devices, and is managed consistent with the assessed risk of unauthorized access to authorized activities and transactions.","PR.AC-04: Access permissions and authorizations are managed, incorporating the principles of least privilege and separation of duties",Many ransomware events occur by compromising user credentials or invoking processes that have unnecessary privileged access to systems. This is a very important management step for preventing such events.,"PR.AA-05.01: The organization limits access privileges to the minimum necessary and with consideration of separation of duties (e.g., through role-based access control, asset owner access recertifications, etc.).","PROTECT / Identity Management, Authentication, and Access Control / Access Authorizations"
"
PROTECT","Identity Management and Access Control (PR.AC): Access to physical and logical assets and associated facilities is limited to authorized users, processes, and devices, and is managed consistent with the assessed risk of unauthorized access to authorized activities and transactions.","PR.AC-04: Access permissions and authorizations are managed, incorporating the principles of least privilege and separation of duties",Many ransomware events occur by compromising user credentials or invoking processes that have unnecessary privileged access to systems. This is a very important management step for preventing such events.,"PR.AA-05.02: The organization institutes controls over privileged system access by strictly limiting and closely managing staff and services with elevated system entitlements (e.g., multi-factor authentication, dual accounts, privilege and time constraints, etc.)","PROTECT / Identity Management, Authentication, and Access Control / Access Authorizations"
"
PROTECT","Identity Management and Access Control (PR.AC): Access to physical and logical assets and associated facilities is limited to authorized users, processes, and devices, and is managed consistent with the assessed risk of unauthorized access to authorized activities and transactions.","PR.AC-04: Access permissions and authorizations are managed, incorporating the principles of least privilege and separation of duties",Many ransomware events occur by compromising user credentials or invoking processes that have unnecessary privileged access to systems. This is a very important management step for preventing such events.,"PR.AA-05.03: The organization institutes controls over service account (i.e., accounts used by systems to access other systems) lifecycles to ensure strict security over creation, use, and termination; access credentials (e.g., no embedded passwords in code); frequent reviews of account ownership; visibility for unauthorized use; and hardening against malicious insider use.","PROTECT / Identity Management, Authentication, and Access Control / Access Authorizations"
"
PROTECT","Identity Management and Access Control (PR.AC): Access to physical and logical assets and associated facilities is limited to authorized users, processes, and devices, and is managed consistent with the assessed risk of unauthorized access to authorized activities and transactions.","PR.AC-05: Network integrity is protected (e.g., network segregation, network segmentation)","Network segmentation or segregation can limit the scope of ransomware events by preventing malware from proliferating among potential target systems (e.g., moving into an operational technology or control system from a business information technology network). It is critical to separate IT and OT networks and regularly validate their independence. This not only reduces the risk of OT systems being compromised, but also allows low-level critical operations to continue while business IT systems recover from ransomware. This is particularly important for critical ICS functions, including Safety Instrument Systems (SIS).","PR.IR-01.01: Networks, systems, and external connections are segmented (e.g., using firewalls, software-defined networks, guest wireless networks, etc.) to implement defense-in-depth and access isolation principles.",PROTECT / Technology Infrastructure Resilience / Logical Access Protections
"
PROTECT","Identity Management and Access Control (PR.AC): Access to physical and logical assets and associated facilities is limited to authorized users, processes, and devices, and is managed consistent with the assessed risk of unauthorized access to authorized activities and transactions.","PR.AC-05: Network integrity is protected (e.g., network segregation, network segmentation)","Network segmentation or segregation can limit the scope of ransomware events by preventing malware from proliferating among potential target systems (e.g., moving into an operational technology or control system from a business information technology network). It is critical to separate IT and OT networks and regularly validate their independence. This not only reduces the risk of OT systems being compromised, but also allows low-level critical operations to continue while business IT systems recover from ransomware. This is particularly important for critical ICS functions, including Safety Instrument Systems (SIS).","PR.IR-01.04: The organization controls access to its wireless networks and the information that these networks process by implementing appropriate mechanisms (e.g., strong authentication for authentication and transmission, preventing unauthorized devices from connecting to the internal networks, restricting unauthorized traffic, and segregating guest wireless networks).",PROTECT / Technology Infrastructure Resilience / Logical Access Protections
"
PROTECT","Identity Management and Access Control (PR.AC): Access to physical and logical assets and associated facilities is limited to authorized users, processes, and devices, and is managed consistent with the assessed risk of unauthorized access to authorized activities and transactions.","PR.AC-05: Network integrity is protected (e.g., network segregation, network segmentation)","Network segmentation or segregation can limit the scope of ransomware events by preventing malware from proliferating among potential target systems (e.g., moving into an operational technology or control system from a business information technology network). It is critical to separate IT and OT networks and regularly validate their independence. This not only reduces the risk of OT systems being compromised, but also allows low-level critical operations to continue while business IT systems recover from ransomware. This is particularly important for critical ICS functions, including Safety Instrument Systems (SIS).","PR.IR-01.07: The organization defines and implements controls for securely configuring and operating Operational Technologies, Industrial Control Systems, and Internet-of-Things (IoT) devices (e.g., segregated printer networks, resetting of default passwords, etc.)",PROTECT / Technology Infrastructure Resilience / Logical Access Protections
"
PROTECT","Identity Management and Access Control (PR.AC): Access to physical and logical assets and associated facilities is limited to authorized users, processes, and devices, and is managed consistent with the assessed risk of unauthorized access to authorized activities and transactions.",PR.AC-06: Identities are proofed and bound to credentials and asserted in interactions,"Compromised credentials are a common attack vector in ransomware events. Identities should be proofed and then bound to a credential (e.g., two-factor authentication of formally authorized individuals) to limit the likelihood that credentials are compromised or issued to an unauthorized individual.","PR.AA-02.01: The organization authenticates identity, validates the authorization level of a user before granting access to its systems, limits the use of an account to a single individual, and attributes activities to the user in logs and transactions.","PROTECT / Identity Management, Authentication, and Access Control / Identity Binding to Credentials"
"
PROTECT","Awareness and Training (PR.AT): The organization’s personnel and partners are provided cybersecurity awareness education and are trained to perform their cybersecurity-related duties and responsibilities consistent with related policies, procedures, and agreements.",PR.AT-01: All users are informed and trained,"Most ransomware attacks are made possible by users who engage in unsafe practices, administrators who implement insecure configurations, or developers who have insufficient security training.",PR.AT-01.01: All personnel receive cybersecurity awareness training upon hire and on a regular basis.,PROTECT / Awareness and Training / User Awareness & Training
"
PROTECT","Awareness and Training (PR.AT): The organization’s personnel and partners are provided cybersecurity awareness education and are trained to perform their cybersecurity-related duties and responsibilities consistent with related policies, procedures, and agreements.",PR.AT-01: All users are informed and trained,"Most ransomware attacks are made possible by users who engage in unsafe practices, administrators who implement insecure configurations, or developers who have insufficient security training.","PR.AT-01.02: Cybersecurity awareness training includes, at a minimum, awareness of and competencies for data protection, personal data handling, compliance obligations, working with third parties, detecting cyber risks, and how to report any unusual activity or incidents.",PROTECT / Awareness and Training / User Awareness & Training
"
PROTECT","Awareness and Training (PR.AT): The organization’s personnel and partners are provided cybersecurity awareness education and are trained to perform their cybersecurity-related duties and responsibilities consistent with related policies, procedures, and agreements.",PR.AT-01: All users are informed and trained,"Most ransomware attacks are made possible by users who engage in unsafe practices, administrators who implement insecure configurations, or developers who have insufficient security training.","PR.AT-02.01: Mechanisms are in place to ensure that the personnel working with cybersecurity and technology (e.g., developers, DBAs, network admins, etc.) maintain current knowledge and skills related to changing threats, countermeasures, new tools, best practices, and their job responsibilities.",PROTECT / Awareness and Training / Specialized Role Awareness & Training
"
PROTECT","Data Security (PR.DS): Information and records (data) are managed consistent with the organization’s risk strategy to protect the confidentiality, integrity, and availability of information.",PR.DS-04: Adequate capacity to ensure availability is maintained,"Ensuring adequate availability of data can reduce ransomware impacts. This includes the ability to maintain offsite and offline data backups, testing mean time to recovery and system redundancy where necessary.","PR.IR-04.02: Technology availability and capacity is planned, monitored, managed, and optimized to meet business resilience objectives and reasonably anticipated infrastructure demands.",PROTECT / Technology Infrastructure Resilience / Capacity Management
"
PROTECT","Data Security (PR.DS): Information and records (data) are managed consistent with the organization’s risk strategy to protect the confidentiality, integrity, and availability of information.",PR.DS-05: Protections against data leaks are implemented,"Double extortion – demanding payment both to restore data access and to not sell or publish the data elsewhere – is common, so data leak prevention solutions are important.",PR.DS-01.02: The organization implements data loss identification and prevention tools to monitor and protect against confidential data theft or destruction by an employee or an external actor.,PROTECT / Data Security / Protection of Data at Rest
"
PROTECT","Data Security (PR.DS): Information and records (data) are managed consistent with the organization’s risk strategy to protect the confidentiality, integrity, and availability of information.","PR.DS-06: Integrity checking mechanisms are used to verify software, firmware, and information integrity",Integrity checking mechanisms can detect tampered software updates that can be used to insert malware that enables ransomware events.,"DE.CM-09.01: The organization uses integrity checking mechanisms to verify software, firmware and information integrity and provenance (e.g., checksums, Software Bill of Materials, etc.)","DETECT / Continuous Monitoring / Hardware, Software, & Data Monitoring"
"
PROTECT","Data Security (PR.DS): Information and records (data) are managed consistent with the organization’s risk strategy to protect the confidentiality, integrity, and availability of information.",PR.DS-07: The development and testing environment(s) are separate from the production environment,Keeping development and testing environments separate from production environments can prevent ransomware from promulgating from development and testing systems into production systems.,PR.IR-01.06: The organization's production and non-production environments and data are segregated and managed to prevent unauthorized access or changes to the information assets.,PROTECT / Technology Infrastructure Resilience / Logical Access Protections
"
PROTECT","Information Protection Processes and Procedures (PR.IP): Security policies, processes, and procedures are maintained and used to manage protection of information systems and assets.","PR.IP-01: A baseline configuration of information technology/industrial control systems is created and maintained incorporating security principles (e.g., concept of least functionality)","Baselines are useful for establishing the set of functions a system needs to perform so that any deviation from that baseline could be evaluated for its cyber risk potential. Unauthorized changes to the configuration can be used as an indicator of a malicious attack, which may lead to the introduction of ransomware.","PR.PS-01.01: The organization establishes and maintains standard system security configuration baselines, informed by industry standards and hardening guidelines, to facilitate the consistent application of security settings, configurations, and versions.",PROTECT / Platform Security / Configuration Management
"
PROTECT","Information Protection Processes and Procedures (PR.IP): Security policies, processes, and procedures are maintained and used to manage protection of information systems and assets.","PR.IP-01: A baseline configuration of information technology/industrial control systems is created and maintained incorporating security principles (e.g., concept of least functionality)","Baselines are useful for establishing the set of functions a system needs to perform so that any deviation from that baseline could be evaluated for its cyber risk potential. Unauthorized changes to the configuration can be used as an indicator of a malicious attack, which may lead to the introduction of ransomware.",PR.PS-01.03: The organization employs detection measures and performs regular enforcement checks to ensure that non-compliance with baseline security standards are promptly identified and rectified.,PROTECT / Platform Security / Configuration Management
"
PROTECT","Information Protection Processes and Procedures (PR.IP): Security policies, processes, and procedures are maintained and used to manage protection of information systems and assets.",PR.IP-03: Configuration change control processes are in place,"Proper configuration change processes can help to enforce timely security updates to software, maintain necessary security configuration settings, and discourage replacement of code with products that contain malware or do not satisfy access management policies.","ID.RA-07.01: The organization defines and implements change management standards and procedures, to include emergency change procedures, that explicitly address risk identified both prior to and during a change, any new risk created post-change, as well as the reviewing and approving authorities (e.g., change advisory boards).",IDENTIFY / Risk Assessment / Change & Exception Management
"
PROTECT","Information Protection Processes and Procedures (PR.IP): Security policies, processes, and procedures are maintained and used to manage protection of information systems and assets.","PR.IP-04: Backups of information are conducted, maintained, and tested",Regular backups that are maintained and tested are essential to timely and relatively painless recovery from ransomware events. Backups should be secured to ensure they cannot become corrupted by the ransomware or deleted by the attacker. The backups should be stored offline.,"ID.IM-02.06: The organization designs and tests its systems and processes to enable recovery of accurate data (e.g., material financial transactions) sufficient to support defined business recovery time and recovery point objectives.",IDENTIFY / Improvement / Tests & Exercises
"
PROTECT","Information Protection Processes and Procedures (PR.IP): Security policies, processes, and procedures are maintained and used to manage protection of information systems and assets.","PR.IP-04: Backups of information are conducted, maintained, and tested",Regular backups that are maintained and tested are essential to timely and relatively painless recovery from ransomware events. Backups should be secured to ensure they cannot become corrupted by the ransomware or deleted by the attacker. The backups should be stored offline.,"PR.DS-11.01: The organization defines and implements standards and procedures for configuring and performing backups and data replications, including defining backup requirements by data/application/infrastructure criticality, segregating (e.g., air-gapping) and securing backups, verifying backup integrity, and performing backup restoration testing.",PROTECT / Data Security / Data Backup
"
PROTECT","Information Protection Processes and Procedures (PR.IP): Security policies, processes, and procedures are maintained and used to manage protection of information systems and assets.",PR.IP-09: Response plans (Incident Response and Business Continuity) and recovery plans (Incident Recovery and Disaster Recovery) are in place and managed,Response and recovery plans should include ransomware events. A copy of the response plan should be kept offline in case the incident eliminates access to soft copies held within the targeted network. Ransomware events should be prioritized appropriately during incident triage with the goal of immediate containment to prevent the ransomware’s spread.,"GV.OC-05.03: The organization defines objectives (e.g., Recovery Time Objective, Maximum Tolerable Downtime, Impact Tolerance) for the resumption of critical operations in alignment with business imperatives, stakeholder obligations, and critical infrastructure dependencies.",GOVERN / Organizational Context / Organizational Service Dependencies
"
PROTECT","Information Protection Processes and Procedures (PR.IP): Security policies, processes, and procedures are maintained and used to manage protection of information systems and assets.",PR.IP-09: Response plans (Incident Response and Business Continuity) and recovery plans (Incident Recovery and Disaster Recovery) are in place and managed,Response and recovery plans should include ransomware events. A copy of the response plan should be kept offline in case the incident eliminates access to soft copies held within the targeted network. Ransomware events should be prioritized appropriately during incident triage with the goal of immediate containment to prevent the ransomware’s spread.,"ID.IM-04.01: The organization's business continuity, disaster recovery, crisis management, and response plans are in place and managed, aligned with each other, and incorporate considerations of cyber incidents.",IDENTIFY / Improvement / Plans Affecting Operatons
"
PROTECT","Information Protection Processes and Procedures (PR.IP): Security policies, processes, and procedures are maintained and used to manage protection of information systems and assets.",PR.IP-10: Response and recovery plans are tested,Ransomware response and recovery plans should be tested periodically to ensure that risk and response assumptions and processes are current with respect to evolving ransomware threats. Testing of response and recovery plans should include any associated ICS. Processes need to be updated and maintained to match changing organizational needs and structures as well as new ransomware types and tactics. Testing trains the people who will need to execute the plan.,"ID.IM-02.04: The organization's testing program validates the effectiveness of its resilience strategy and response, disaster recovery, and resumption plans on a regular basis or upon major changes to business or system functions, and includes external stakeholders as required.",IDENTIFY / Improvement / Tests & Exercises
"
PROTECT","Information Protection Processes and Procedures (PR.IP): Security policies, processes, and procedures are maintained and used to manage protection of information systems and assets.",PR.IP-10: Response and recovery plans are tested,Ransomware response and recovery plans should be tested periodically to ensure that risk and response assumptions and processes are current with respect to evolving ransomware threats. Testing of response and recovery plans should include any associated ICS. Processes need to be updated and maintained to match changing organizational needs and structures as well as new ransomware types and tactics. Testing trains the people who will need to execute the plan.,"ID.IM-02.05: The organization establishes testing programs that include a range of scenarios, including severe but plausible scenarios (e.g., disruptive, destructive, corruptive), that could affect the organization's ability to service internal and external stakeholders.",IDENTIFY / Improvement / Tests & Exercises
"
PROTECT",Maintenance (PR.MA): Maintenance and repairs of industrial control and information system components are performed consistent with policies and procedures.,"PR.MA-02: Remote maintenance of organizational assets is approved, logged, and performed in a manner that prevents unauthorized access","Remote maintenance provides an access channel into networks and technology. If not managed properly, criminals may use this access to alter configurations to permit introduction of malware. Remote maintenance of all system components by the organization or its providers must be validated to ensure that this process does not provide backdoor access to OT or IT networks.","PR.PS-03.01: The organization defines and implements controls for the on-site and remote maintenance and repair of the organization's technology assets (e.g., work must be performed by authorized personnel, use of approved procedures and tools, use of original or vendor-approved spare parts).",PROTECT / Platform Security / Hardware Maintenance
"
PROTECT","Protective Technology (PR.PT): Technical security solutions are managed to ensure the security and resilience of systems and assets, consistent with related policies, procedures, and agreements.","PR.PT-01: Audit/log records are determined, documented, implemented, and reviewed in accordance with policy",Availability of audit/log records can assist in detecting unexpected behaviors and support forensics response and recovery processes.,"PR.PS-04.01: The organization establishes and regularly reviews log management standards and practices, to include the types of events to be detected, log content, security and access considerations, monitoring protocols, integrity checking mechanisms, and retention periods.",PROTECT / Platform Security / Log Record Generation
"
PROTECT","Protective Technology (PR.PT): Technical security solutions are managed to ensure the security and resilience of systems and assets, consistent with related policies, procedures, and agreements.","PR.PT-01: Audit/log records are determined, documented, implemented, and reviewed in accordance with policy",Availability of audit/log records can assist in detecting unexpected behaviors and support forensics response and recovery processes.,"PR.PS-04.02: The organization defines the scope and coverage of audit/log records to be created and monitored (i.e., internal and external environments, devices, and applications/services/software to be monitored) and has controls in place to ensure that the intended scope is fully covered and that no logging failures are inhibiting the collection of required logs.",PROTECT / Platform Security / Log Record Generation
"
PROTECT","Protective Technology (PR.PT): Technical security solutions are managed to ensure the security and resilience of systems and assets, consistent with related policies, procedures, and agreements.","PR.PT-01: Audit/log records are determined, documented, implemented, and reviewed in accordance with policy",Availability of audit/log records can assist in detecting unexpected behaviors and support forensics response and recovery processes.,"PR.PS-04.03: The organization's activity logs and other security event logs are generated, reviewed, securely stored, and retained in accordance with data retention obligations and established standards.",PROTECT / Platform Security / Log Record Generation
"
PROTECT","Protective Technology (PR.PT): Technical security solutions are managed to ensure the security and resilience of systems and assets, consistent with related policies, procedures, and agreements.",PR.PT-03: The principle of least functionality is incorporated by configuring systems to provide only essential capabilities.,"Maintaining the principle of least functionality may prevent movement among potential target systems (e.g., moving into an operational process control system from an administrative network).",PR.PS-01.02: The organization's systems are configured to provide only essential capabilities to implement the principle of least functionality.,PROTECT / Platform Security / Configuration Management
"
DETECT",Anomalies and Events (DE.AE): Anomalous activity is detected and the potential impact of events is understood.,DE.AE-03: Event data are collected and correlated from multiple sources and sensors,"Multiple sources and sensors along with a Security Information and Event Management (SIEM) solution improves network visibility, assists in the early detection of ransomware, and aids in understanding how ransomware may propagate through a network.","DE.AE-03.01: The organization implements systematic and real-time logging, collection, monitoring, detection, and alerting measures across multiple layers of the organization's infrastructure, including physical perimeters, network, operating systems, applications, data, and external (cloud and outsourced) environments, sufficient to protect the organization's information assets.",DETECT / Adverse Event Analysis / Event Information Correlation
"
DETECT",Anomalies and Events (DE.AE): Anomalous activity is detected and the potential impact of events is understood.,DE.AE-03: Event data are collected and correlated from multiple sources and sensors,"Multiple sources and sensors along with a Security Information and Event Management (SIEM) solution improves network visibility, assists in the early detection of ransomware, and aids in understanding how ransomware may propagate through a network.","DE.AE-03.02: The organization performs real-time central analysis, aggregation, and correlation of anomalous activities, network and system alerts, and relevant event and cyber threat intelligence, including both internal and external (cloud and outsourced) environments, to better detect and prevent multifaceted cyber attacks.",DETECT / Adverse Event Analysis / Event Information Correlation
"
DETECT",Anomalies and Events (DE.AE): Anomalous activity is detected and the potential impact of events is understood.,DE.AE-04: Impact of events is determined,Determining the impact of events can inform response and recovery priorities for a ransomware attack.,"DE.AE-04.01: The organization has a documented process to analyze and triage incidents to assess root cause, technical impact, mitigation priority, and business impact on the organization, as well as across the financial sector and other third party stakeholders.",DETECT / Adverse Event Analysis / Impact & Scope Determination
"
DETECT",Security Continuous Monitoring (DE.CM): The information system and assets are monitored to identify cybersecurity events and verify the effectiveness of protective measures.,DE.CM-01: The network is monitored to detect potential cybersecurity events,Network monitoring might detect intrusions and initiate protective actions before malicious code can be inserted or large volumes of information are encrypted and exfiltrated.,DE.CM-01.01:  The organization deploys intrusion detection and intrusion prevention capabilities to detect and prevent a potential network intrusion in its early stages for timely containment and recovery.,DETECT / Continuous Monitoring / Network Monitoring
"
DETECT",Security Continuous Monitoring (DE.CM): The information system and assets are monitored to identify cybersecurity events and verify the effectiveness of protective measures.,DE.CM-01: The network is monitored to detect potential cybersecurity events,Network monitoring might detect intrusions and initiate protective actions before malicious code can be inserted or large volumes of information are encrypted and exfiltrated.,"DE.CM-01.02: The organization implements mechanisms, such as alerting and filtering of sudden high volumes and suspicious incoming traffic, to detect and mitigate Denial of Service, ""bot"", and credential stuffing attacks.",DETECT / Continuous Monitoring / Network Monitoring
"
DETECT",Security Continuous Monitoring (DE.CM): The information system and assets are monitored to identify cybersecurity events and verify the effectiveness of protective measures.,DE.CM-01: The network is monitored to detect potential cybersecurity events,Network monitoring might detect intrusions and initiate protective actions before malicious code can be inserted or large volumes of information are encrypted and exfiltrated.,"DE.CM-01.03: The organization has policies, procedures, and tools in place to monitor for, detect, and block unauthorized network connections and data transfers.",DETECT / Continuous Monitoring / Network Monitoring
"
DETECT",Security Continuous Monitoring (DE.CM): The information system and assets are monitored to identify cybersecurity events and verify the effectiveness of protective measures.,DE.CM-01: The network is monitored to detect potential cybersecurity events,Network monitoring might detect intrusions and initiate protective actions before malicious code can be inserted or large volumes of information are encrypted and exfiltrated.,"DE.CM-01.04: The organization has policies, procedures, and tools in place to monitor for, detect, and block access from/to devices that are not authorized or do not conform to security policy (e.g., unpatched systems).",DETECT / Continuous Monitoring / Network Monitoring
"
DETECT",Security Continuous Monitoring (DE.CM): The information system and assets are monitored to identify cybersecurity events and verify the effectiveness of protective measures.,DE.CM-01: The network is monitored to detect potential cybersecurity events,Network monitoring might detect intrusions and initiate protective actions before malicious code can be inserted or large volumes of information are encrypted and exfiltrated.,"DE.CM-01.05: The organization implements measures to detect and block access to unauthorized, inappropriate, or malicious websites and services (e.g. social media, messaging, file sharing).",DETECT / Continuous Monitoring / Network Monitoring
"
DETECT",Security Continuous Monitoring (DE.CM): The information system and assets are monitored to identify cybersecurity events and verify the effectiveness of protective measures.,DE.CM-03: Personnel activity is monitored to detect potential cybersecurity events,Monitoring personnel activity might detect insider threats or insecure staff practices or compromised credentials and thwart potential ransomware events.,"DE.CM-03.02: The organization's controls actively monitor personnel (both authorized and unauthorized) for access, authentication, usage, connections, devices, and anomalous behavior to rapidly detect potential cybersecurity events.",DETECT / Continuous Monitoring / Personnel Activity Monitoring
"
DETECT",Security Continuous Monitoring (DE.CM): The information system and assets are monitored to identify cybersecurity events and verify the effectiveness of protective measures.,DE.CM-03: Personnel activity is monitored to detect potential cybersecurity events,Monitoring personnel activity might detect insider threats or insecure staff practices or compromised credentials and thwart potential ransomware events.,"DE.CM-03.03: The organization logs and reviews the activities of privileged users and accounts, and monitoring for anomalous behaviors is implemented.",DETECT / Continuous Monitoring / Personnel Activity Monitoring
"
DETECT",Security Continuous Monitoring (DE.CM): The information system and assets are monitored to identify cybersecurity events and verify the effectiveness of protective measures.,DE.CM-04: Malicious code is detected,"Detection may indicate that a ransomware event is occurring or may be about to occur. Malicious code is often not immediately executed, so there may be time between insertion of malicious code and its activation to detect it before the ransomware attack is executed.","PR.PS-05.01: The organization has policies, procedures, and tools in place to detect and block malware from infecting networks and systems, including automatically updating malware signatures and behavior profiles on all endpoints.",PROTECT / Platform Security / Unauthorized Software Installation & Execution
"
DETECT",Security Continuous Monitoring (DE.CM): The information system and assets are monitored to identify cybersecurity events and verify the effectiveness of protective measures.,DE.CM-04: Malicious code is detected,"Detection may indicate that a ransomware event is occurring or may be about to occur. Malicious code is often not immediately executed, so there may be time between insertion of malicious code and its activation to detect it before the ransomware attack is executed.","PR.PS-05.02: The organization implements safeguards against unauthorized mobile code (e.g., JavaScript, ActiveX, VBScript, PowerShell, etc.) on mobile, end point, and server systems.",PROTECT / Platform Security / Unauthorized Software Installation & Execution
"
DETECT",Security Continuous Monitoring (DE.CM): The information system and assets are monitored to identify cybersecurity events and verify the effectiveness of protective measures.,DE.CM-04: Malicious code is detected,"Detection may indicate that a ransomware event is occurring or may be about to occur. Malicious code is often not immediately executed, so there may be time between insertion of malicious code and its activation to detect it before the ransomware attack is executed.","PR.PS-05.03: The organization has policies, procedures, and tools in place to detect, isolate, and block the use of attached malware or malicious links present in email or message services.",PROTECT / Platform Security / Unauthorized Software Installation & Execution
"
DETECT",Security Continuous Monitoring (DE.CM): The information system and assets are monitored to identify cybersecurity events and verify the effectiveness of protective measures.,"DE.CM-07: Monitoring for unauthorized personnel, connections, devices, and software is performed","Unauthorized people, connections, devices, and software are potential resources from which to launch a ransomware attack. Monitoring can detect many ransomware attacks before they are executed.","DE.CM-01.03: The organization has policies, procedures, and tools in place to monitor for, detect, and block unauthorized network connections and data transfers.",DETECT / Continuous Monitoring / Network Monitoring
"
DETECT",Security Continuous Monitoring (DE.CM): The information system and assets are monitored to identify cybersecurity events and verify the effectiveness of protective measures.,"DE.CM-07: Monitoring for unauthorized personnel, connections, devices, and software is performed","Unauthorized people, connections, devices, and software are potential resources from which to launch a ransomware attack. Monitoring can detect many ransomware attacks before they are executed.","DE.CM-01.05: The organization implements measures to detect and block access to unauthorized, inappropriate, or malicious websites and services (e.g. social media, messaging, file sharing).",DETECT / Continuous Monitoring / Network Monitoring
"
DETECT",Security Continuous Monitoring (DE.CM): The information system and assets are monitored to identify cybersecurity events and verify the effectiveness of protective measures.,"DE.CM-07: Monitoring for unauthorized personnel, connections, devices, and software is performed","Unauthorized people, connections, devices, and software are potential resources from which to launch a ransomware attack. Monitoring can detect many ransomware attacks before they are executed.","DE.CM-03.02: The organization's controls actively monitor personnel (both authorized and unauthorized) for access, authentication, usage, connections, devices, and anomalous behavior to rapidly detect potential cybersecurity events.",DETECT / Continuous Monitoring / Personnel Activity Monitoring
"
DETECT",Security Continuous Monitoring (DE.CM): The information system and assets are monitored to identify cybersecurity events and verify the effectiveness of protective measures.,"DE.CM-07: Monitoring for unauthorized personnel, connections, devices, and software is performed","Unauthorized people, connections, devices, and software are potential resources from which to launch a ransomware attack. Monitoring can detect many ransomware attacks before they are executed.","DE.CM-06.01: The organization reviews, documents, authorizes, and monitors all third-party connections, data transfer mechanisms, and Application Programming Interfaces (APIs).",DETECT / Continuous Monitoring / Service Provider Monitoring
"
DETECT",Security Continuous Monitoring (DE.CM): The information system and assets are monitored to identify cybersecurity events and verify the effectiveness of protective measures.,"DE.CM-07: Monitoring for unauthorized personnel, connections, devices, and software is performed","Unauthorized people, connections, devices, and software are potential resources from which to launch a ransomware attack. Monitoring can detect many ransomware attacks before they are executed.","DE.CM-09.03: The organization has policies, procedures, and tools in place to monitor for, detect, and block the use of unsupported or unauthorized software, hardware, or configuration changes.","DETECT / Continuous Monitoring / Hardware, Software, & Data Monitoring"
"
DETECT",Security Continuous Monitoring (DE.CM): The information system and assets are monitored to identify cybersecurity events and verify the effectiveness of protective measures.,DE.CM-08: Vulnerability scans are performed,Vulnerabilities can be exploited during a ransomware attack. Regular scans can allow an organization to detect and mitigate most vulnerabilities before they are used to execute ransomware.,"ID.RA-01.03: The organization establishes and maintains standards and capabilities for ongoing vulnerability management, including systematic scans, or reviews reasonably designed to identify known cyber vulnerabilities and upgrade opportunities, across the organization's environments and assets.",IDENTIFY / Risk Assessment / Asset Vulnerability Identification
"
DETECT",Security Continuous Monitoring (DE.CM): The information system and assets are monitored to identify cybersecurity events and verify the effectiveness of protective measures.,DE.CM-08: Vulnerability scans are performed,Vulnerabilities can be exploited during a ransomware attack. Regular scans can allow an organization to detect and mitigate most vulnerabilities before they are used to execute ransomware.,"ID.IM-02.01: The organization conducts regular, independent penetration testing and red team testing on the organization's network, internet-facing  systems, critical applications, and associated controls to identify gaps in cybersecurity defenses.",IDENTIFY / Improvement / Tests & Exercises
"
DETECT",Detection Processes (DE.DP): Detection processes and procedures are maintained and tested to ensure awareness of anomalous events.,DE.DP-01: Roles and responsibilities for detection are well defined to ensure accountability,Clear understanding of roles and responsibilities is key to accountability and encourages adherence to organizational policies and procedures to help detect ransomware attacks.,"GV.RR-02.02: The organization has established and assigned roles and responsibilities for systematic cybersecurity threat identification, monitoring, detection, and event reporting processes, and ensures adequate coverage and organizational alignment for these functions.","GOVERN / Roles, Responsibilities, and Authorities / Risk Management Roles & Responsibilities"
"
DETECT",Detection Processes (DE.DP): Detection processes and procedures are maintained and tested to ensure awareness of anomalous events.,DE.DP-02: Detection activities comply with all applicable requirements,Detection activities should be conducted in adherence to organization policy and procedures.,"DE.AE-03.02: The organization performs real-time central analysis, aggregation, and correlation of anomalous activities, network and system alerts, and relevant event and cyber threat intelligence, including both internal and external (cloud and outsourced) environments, to better detect and prevent multifaceted cyber attacks.",DETECT / Adverse Event Analysis / Event Information Correlation
"
DETECT",Detection Processes (DE.DP): Detection processes and procedures are maintained and tested to ensure awareness of anomalous events.,DE.DP-02: Detection activities comply with all applicable requirements,Detection activities should be conducted in adherence to organization policy and procedures.,"PR.PS-04.01: The organization establishes and regularly reviews log management standards and practices, to include the types of events to be detected, log content, security and access considerations, monitoring protocols, integrity checking mechanisms, and retention periods.",PROTECT / Platform Security / Log Record Generation
"
DETECT",Detection Processes (DE.DP): Detection processes and procedures are maintained and tested to ensure awareness of anomalous events.,DE.DP-03: Detection processes are tested,"Testing provides assurance of correct detection processes for ransomware- based attacks, recognizing not that all intrusion attempts will be detected. Testing trains the people who will need to execute the plan.","ID.IM-02.03: The organization tests and validates the effectiveness of the incident detection, reporting, and communication processes and protocols with internal and external stakeholders.",IDENTIFY / Improvement / Tests & Exercises
"
DETECT",Detection Processes (DE.DP): Detection processes and procedures are maintained and tested to ensure awareness of anomalous events.,DE.DP-04: Event detection information is communicated,Timely communication of anomalous events is necessary for being able to take remedial actions before a ransomware attack can be fully realized.,"DE.AE-06.01: The organization has established processes and protocols to communicate, alert, and regularly report potential cyber attacks and incident information, including its corresponding analysis and cyber threat intelligence, to authorized internal and external stakeholders.",DETECT / Adverse Event Analysis / Event Information Sharing
"
DETECT",Detection Processes (DE.DP): Detection processes and procedures are maintained and tested to ensure awareness of anomalous events.,DE.DP-05: Detection processes are continuously improved,"The tactics used in ransomware attacks are continuously being refined, so detection processes must continuously evolve to keep up with new threats.","ID.IM-03.02: The organization establishes a systematic and comprehensive program to regularly evaluate and improve its monitoring and detection processes and controls as the threat environment changes, tools and techniques evolve, and lessons are learned.",IDENTIFY / Improvement / Improvements from Lessons Learned
"
RESPOND","Response Planning (RS.RP): Response processes and procedures are executed and maintained, to ensure response to detected cybersecurity incidents.",RS.RP-01: Response plan is executed during or after an incident,"Immediate execution of the response plan’s public relations and communications response components is necessary to stop any corruption or continuing exfiltration of data, stem the spread of an infection to other systems and networks, and initiate preemptive messaging to minimize further damage, including reputational or legal harm.","RS.MA-01.01: The organization's response plans are in place and executed during or after an incident, to include coordination with relevant third parties and engagement of third-party incident support services.",RESPOND / Incident Management / Response Plan Execution
"
RESPOND","Communications (RS.CO): Response activities are coordinated with internal and external stakeholders (e.g., external support from law enforcement agencies).",RS.CO-01: Personnel know their roles and order of operations when a response is needed,Response to ransomware events includes both technical and business responses. An effective and efficient response requires all parties to understand their roles and responsibilities. Communications response roles should be formally documented in incident response and recovery plans and should be reinforced by exercising the plans.,"ID.IM-04.02: The organization's incident response and business continuity plans contain clearly defined roles, responsibilities, and levels of decision-making authority, and include all needed areas of participation and expertise across the organization and key third-parties.",IDENTIFY / Improvement / Plans Affecting Operatons
"
RESPOND","Communications (RS.CO): Response activities are coordinated with internal and external stakeholders (e.g., external support from law enforcement agencies).",RS.CO-01: Personnel know their roles and order of operations when a response is needed,Response to ransomware events includes both technical and business responses. An effective and efficient response requires all parties to understand their roles and responsibilities. Communications response roles should be formally documented in incident response and recovery plans and should be reinforced by exercising the plans.,PR.AT-02.03: All personnel (employee and third party) are made aware of and are trained for their role and operational steps in response and recovery plans.,PROTECT / Awareness and Training / Specialized Role Awareness & Training
"
RESPOND","Communications (RS.CO): Response activities are coordinated with internal and external stakeholders (e.g., external support from law enforcement agencies).",RS.CO-02: Incidents are reported consistent with established criteria,Response to ransomware events includes both technical and business responses. An effective and efficient response requires pre-established criteria for reporting and adherence to those criteria during an event.,RS.MA-05.01: The organization's incident response plans define severity levels and associated criteria for initiating response plans and escalating event response to appropriate stakeholders and management levels.,RESPOND / Incident Management / Recovery Initiation
"
RESPOND","Communications (RS.CO): Response activities are coordinated with internal and external stakeholders (e.g., external support from law enforcement agencies).",RS.CO-02: Incidents are reported consistent with established criteria,Response to ransomware events includes both technical and business responses. An effective and efficient response requires pre-established criteria for reporting and adherence to those criteria during an event.,"RS.CO-02.01: The organization's incident response program includes defined and approved escalation protocols, linked to organizational decision levels and communication strategies, including which types of information will be shared, with whom (e.g., the organization's governing authority and senior management), and how information provided to the organization will be acted upon.",RESPOND / Incident Response Reporting and Communication / Stakeholder Incident Notification
"
RESPOND","Communications (RS.CO): Response activities are coordinated with internal and external stakeholders (e.g., external support from law enforcement agencies).",RS.CO-03: Information is shared consistent with response plans,Information sharing priorities include stemming the spread of an infection to other systems and networks as well as preemptive messaging.,"RS.CO-03.02: In the event of an incident, the organization shares authorized information, in a defined manner and through trusted channels, to facilitate the detection, response, resumption and recovery of its own systems and those of other partners and critical sector participants.",RESPOND / Incident Response Reporting and Communication / Stakeholder Incident Information Sharing
"
RESPOND","Communications (RS.CO): Response activities are coordinated with internal and external stakeholders (e.g., external support from law enforcement agencies).",RS.CO-04: Coordination with stakeholders occurs consistent with response plans,Coordination with key internal and external stakeholders is important for priorities such as stemming the spread of misinformation and establishing preemptive messaging.,"RS.CO-03.01: The organization ensures that cyber threat intelligence is made available, in a secure manner, to authorized staff with responsibility for the mitigation of cyber risks at the strategic, tactical and operational levels within the organization.",RESPOND / Incident Response Reporting and Communication / Stakeholder Incident Information Sharing
"
RESPOND","Communications (RS.CO): Response activities are coordinated with internal and external stakeholders (e.g., external support from law enforcement agencies).",RS.CO-05: Voluntary information sharing occurs with external stakeholders to achieve broader cybersecurity situational awareness,Information sharing may yield forensic benefits and reduce the impact and profitability of ransomware attacks. Voluntary sharing should complement any regulatory or other compliance requirements for reporting and sharing.,"RS.CO-03.02: In the event of an incident, the organization shares authorized information, in a defined manner and through trusted channels, to facilitate the detection, response, resumption and recovery of its own systems and those of other partners and critical sector participants.",RESPOND / Incident Response Reporting and Communication / Stakeholder Incident Information Sharing
"
RESPOND",Analysis (RS.AN): Analysis is conducted to ensure effective response and support recovery activities.,RS.AN-01: Notifications from detection systems are investigated ,"Notifications from detection systems should be promptly and fully investigated, as these may often indicate a ransomware attack in its early stages so that it can be preempted or so impacts can be mitigated.","RS.MA-02.01: Tools and processes are in place to ensure timely detection, inspection, assessment, and analysis of security event data for reliable activation of incident response processes.",RESPOND / Incident Management / Incident Triage & Validaton
"
RESPOND",Analysis (RS.AN): Analysis is conducted to ensure effective response and support recovery activities.,RS.AN-02: The impact of the incident is understood,"Understanding impact will shape the implementation of the recovery plan. Organizations should seek to understand the technical impact of a ransomware attack (e.g., what systems are unavailable) and then understand the resulting impact on the business (e.g., which business processes can’t be delivered). This will help to ensure that the response and recovery effort is properly prioritized and resourced, and business continuity plans can be implemented in the meantime.","RS.AN-03.01: The organization performs a thorough investigation to determine the nature and scope of an event, possible root causes, and the potential damage inflicted.",RESPOND / Incident Analysis / Incident Analysis & Root Cause Determination
"
RESPOND",Analysis (RS.AN): Analysis is conducted to ensure effective response and support recovery activities.,RS.AN-03: Forensics are performed,"Forensics help identify the root cause to contain and eradicate the attack, including things like resetting passwords of credentials stolen by the attacker, deleting malware used by the attacker, and removing persistence mechanisms used by the attacker. Forensics can also inform the recovery process and assist with reporting and sharing actions.","RS.AN-06.01: The organization establishes a risk-based approach and procedures for quarantining systems, conducting investigations, and collecting and preserving evidence per best practices and forensic standards.",RESPOND / Incident Analysis / Investigation Documentation
"
RESPOND",Analysis (RS.AN): Analysis is conducted to ensure effective response and support recovery activities.,"RS.AN-05: Processes are established to receive, analyze and respond to vulnerabilities disclosed to the organization from internal and external sources (e.g. internal testing, security bulletins, or security researchers)",Analysis processes can prevent future successful attacks and the spread of the ransomware to other systems and networks. It can also help restore confidence among stakeholders.,"ID.RA-08.01: The organization has established enterprise processes for soliciting, receiving and appropriately channeling vulnerability disclosures from:
(1) Public sources (e.g., customers and security researchers);
(2) Vulnerability sharing forums (e.g., FS-ISAC); and
(3) Third-parties (e.g., cloud vendors);
(4) Internal sources (e.g., development teams).",IDENTIFY / Risk Assessment / Vulnerability Disclosure Response
"
RESPOND",Analysis (RS.AN): Analysis is conducted to ensure effective response and support recovery activities.,"RS.AN-05: Processes are established to receive, analyze and respond to vulnerabilities disclosed to the organization from internal and external sources (e.g. internal testing, security bulletins, or security researchers)",Analysis processes can prevent future successful attacks and the spread of the ransomware to other systems and networks. It can also help restore confidence among stakeholders.,"ID.RA-08.02: The organization has established enterprise processes to analyze disclosed vulnerabilities with a focus on:
(1) Determining its validity;
(2) Assessing its scope (e.g., affected assets);
(3) Determining it's severity and impact;
(4) Identifying affected stakeholders or customers; and
(5) Analyzing options to respond.",IDENTIFY / Risk Assessment / Vulnerability Disclosure Response
"
RESPOND","Mitigation (RS.MI): Activities are performed to prevent expansion of an event, mitigate its effects, and resolve the incident.",RS.MI-01: Incidents are contained,"Immediate action must be taken to prevent the spread of the ransomware to other systems and networks, mitigate its effects, and resolve the incident. Containment of ransomware includes any associated ICS.","RS.MI-01.01: The organization has established processes to implement vulnerability mitigation plans, involve third-party partners and outside expertise as needed, and contain incidents in a timely manner.",RESPOND / Incident Mitigation / Incident Containment
"
RESPOND","Mitigation (RS.MI): Activities are performed to prevent expansion of an event, mitigate its effects, and resolve the incident.",RS.MI-02: Incidents are mitigated,"Immediate action must be taken to isolate the ransomware in order to minimize damage to data, prevent the infection from spreading within the network and to other systems and networks, and minimize the impact on the mission or business.","RC.RP-02.02: Recovery plans are executed by first resuming critical services and core business functions, while minimizing any potential concurrent and widespread interruptions to interconnected entities and critical infrastructure, such as energy and telecommunications.",RECOVER / Incident Recovery Plan Execution / Recovery Action Performance
"
RESPOND","Mitigation (RS.MI): Activities are performed to prevent expansion of an event, mitigate its effects, and resolve the incident.",RS.MI-03: Newly identified vulnerabilities are mitigated or documented as accepted risks,"Vulnerability management minimizes the probability of successful ransomware attacks. If vulnerabilities cannot be patched or mitigated, documenting this risk at least allows for its inclusion in future decision making and provides transparency for stakeholders that might be impacted by ransomware events.","ID.RA-06.06: The organization follows documented procedures, consistent with established risk response processes, for mitigating or accepting the risk of vulnerabilities or weaknesses identified in exercises and testing or when responding to incidents.",IDENTIFY / Risk Assessment / Risk Response Determination
"
RESPOND",Improvements (RS.IM): Organizational response activities are improved by incorporating lessons learned from current and previous detection/response activities.,RS.IM-01: Response plans incorporate lessons learned,This minimizes the probability of future successful ransomware attacks and can help to restore confidence among stakeholders.,"ID.IM-04.08: The organization regularly reviews response strategy, incident management plans, recovery plans, and associated tests and exercises and updates them, as necessary, based on:
(1) Lessons learned from incidents that have occurred (both internal and external to the organization);
(2) Current cyber threat intelligence (both internal and external sources);
(3) Recent and wide-scale cyber attack scenarios;
(4) Operationally and technically plausible future cyber attacks;
(5) Organizational or technical environment changes; and,
(6) New technological developments.",IDENTIFY / Improvement / Plans Affecting Operatons
"
RESPOND",Improvements (RS.IM): Organizational response activities are improved by incorporating lessons learned from current and previous detection/response activities.,RS.IM-02: Response strategies are updated,This minimizes the probability of future successful ransomware attacks and can help to restore confidence among stakeholders.,"ID.IM-04.08: The organization regularly reviews response strategy, incident management plans, recovery plans, and associated tests and exercises and updates them, as necessary, based on:
(1) Lessons learned from incidents that have occurred (both internal and external to the organization);
(2) Current cyber threat intelligence (both internal and external sources);
(3) Recent and wide-scale cyber attack scenarios;
(4) Operationally and technically plausible future cyber attacks;
(5) Organizational or technical environment changes; and,
(6) New technological developments.",IDENTIFY / Improvement / Plans Affecting Operatons
"
RECOVER",Recovery Planning (RC.RP): Recovery processes and procedures are executed and maintained to ensure restoration of systems or assets affected by cybersecurity incidents.,RC.RP-01: Recovery plan is executed during or after a cybersecurity incident,Immediately initiating the recovery plan after the root cause has been identified can cut losses.,"RC.RP-01.01: The organization executes its recovery plans, including incident recovery, disaster recovery, and business continuity plans, during or after an incident to resume operations.",RECOVER / Incident Recovery Plan Execution / Recovery Plan Execution
"
RECOVER",Improvements (RC.IM): Recovery planning and processes are improved by incorporating lessons learned into future activities.,RC.IM-01: Recovery plans incorporate lessons learned,This minimizes the probability of future successful ransomware attacks and can help to restore confidence among stakeholders.,"ID.IM-04.08: The organization regularly reviews response strategy, incident management plans, recovery plans, and associated tests and exercises and updates them, as necessary, based on:
(1) Lessons learned from incidents that have occurred (both internal and external to the organization);
(2) Current cyber threat intelligence (both internal and external sources);
(3) Recent and wide-scale cyber attack scenarios;
(4) Operationally and technically plausible future cyber attacks;
(5) Organizational or technical environment changes; and,
(6) New technological developments.",IDENTIFY / Improvement / Plans Affecting Operatons
"
RECOVER",Improvements (RC.IM): Recovery planning and processes are improved by incorporating lessons learned into future activities.,RC.IM-02: Recovery strategies are updated,This is needed to maintain the effectiveness of contingency planning for future ransomware attacks.,"ID.IM-04.08: The organization regularly reviews response strategy, incident management plans, recovery plans, and associated tests and exercises and updates them, as necessary, based on:
(1) Lessons learned from incidents that have occurred (both internal and external to the organization);
(2) Current cyber threat intelligence (both internal and external sources);
(3) Recent and wide-scale cyber attack scenarios;
(4) Operationally and technically plausible future cyber attacks;
(5) Organizational or technical environment changes; and,
(6) New technological developments.",IDENTIFY / Improvement / Plans Affecting Operatons
"
RECOVER","Communications (RC.CO): Restoration activities are coordinated with internal and external parties (e.g., coordinating centers, Internet Service Providers, owners of attacking systems, victims, other CSIRTs, and vendors).",RC.CO-01: Public relations are managed,This minimizes the business impact by being open and transparent and restores confidence among stakeholders.,"RC.CO-04.01: Pre-established communication plans and message templates, and authorized protocols, contacts, media, and communications, are used to notify and inform the public and key external stakeholders about an incident.",RECOVER / Incident Recovery Communication / Public Information Sharing
"
RECOVER","Communications (RC.CO): Restoration activities are coordinated with internal and external parties (e.g., coordinating centers, Internet Service Providers, owners of attacking systems, victims, other CSIRTs, and vendors).",RC.CO-02: Reputation is repaired after an incident,Reputational repair minimizes the business impact and restores confidence among stakeholders.,"RC.CO-04.01: Pre-established communication plans and message templates, and authorized protocols, contacts, media, and communications, are used to notify and inform the public and key external stakeholders about an incident.",RECOVER / Incident Recovery Communication / Public Information Sharing
"
RECOVER","Communications (RC.CO): Restoration activities are coordinated with internal and external parties (e.g., coordinating centers, Internet Service Providers, owners of attacking systems, victims, other CSIRTs, and vendors).",RC.CO-03: Recovery activities are communicated to internal and external stakeholders as well as and executive and management teams,Communication about recovery activities helps to minimize the business impact and restore confidence among stakeholders.,"RC.CO-03.01: The organization timely involves and communicates the recovery activities, procedures, cyber risk management issues to the governing body (e.g., the Board or one of its committees), senior management, incident management support teams, and relevant internal stakeholders.",RECOVER / Incident Recovery Communication / Recovery Activity Communication
"
RECOVER","Communications (RC.CO): Restoration activities are coordinated with internal and external parties (e.g., coordinating centers, Internet Service Providers, owners of attacking systems, victims, other CSIRTs, and vendors).",RC.CO-03: Recovery activities are communicated to internal and external stakeholders as well as and executive and management teams,Communication about recovery activities helps to minimize the business impact and restore confidence among stakeholders.,"RC.CO-03.02: The organization promptly communicates the status of recovery activities to regulatory authorities and relevant external stakeholders, as required or appropriate.",RECOVER / Incident Recovery Communication / Recovery Activity Communication
