,,,"NIST Cybersecurity Framework (CSF) ver. 2.0 (Feb. 2024) 
to CRI Profile ver. 2.1 Mapping (Functions, Categories, Subcategories)","NIST Cybersecurity Framework (CSF) ver. 2.0 (Feb. 2024) 
to CRI Profile ver. 2.1 Mapping (Functions, Categories, Subcategories)","NIST Cybersecurity Framework (CSF) ver. 2.0 (Feb. 2024) 
to CRI Profile ver. 2.1 Mapping (Functions, Categories, Subcategories)","NIST Cybersecurity Framework (CSF) ver. 2.0 (Feb. 2024) 
to CRI Profile ver. 2.1 Mapping (Functions, Categories, Subcategories)","NIST Cybersecurity Framework (CSF) ver. 2.0 (Feb. 2024) 
to CRI Profile ver. 2.1 Mapping (Functions, Categories, Subcategories)",,
NIST Cybersecurity Framework (CSF) ver. 2.0,NIST Cybersecurity Framework (CSF) ver. 2.0,NIST Cybersecurity Framework (CSF) ver. 2.0,NIST Cybersecurity Framework (CSF) ver. 2.0,Mapping Relationship,Mapping Relationship,Mapping Relationship,CRI Profile ver. 2.1,CRI Profile ver. 2.1,CRI Profile ver. 2.1
Seq,CSF / Profile Id,Level,NIST CSF v2 Statement,Rationale,Relationship,CRI Mapping Note,CRI Profile ver. 2.1 Statement,CRI Profile Level,Profile Id
1,GV,F,"GOVERN (GV): The organization's cybersecurity risk management strategy, expectations, and policy are established, communicated, and monitored",Semantic,subset of,(CRI Modified),"GOVERN (GV): The organization's technology and cybersecurity risk management strategy, expectations, and policy are established, communicated, and monitored",GOVERN,GV
2,GV.OC,C,"Organizational Context (GV.OC): The circumstances - mission, stakeholder expectations, dependencies, and legal, regulatory, and contractual requirements - surrounding the organization's cybersecurity risk management decisions are understood",Semantic,subset of,(CRI Modified),"Organizational Context (GV.OC): The circumstances - mission, stakeholder expectations, dependencies, and legal, regulatory, and contractual requirements - surrounding the organization's technology and cybersecurity risk management decisions are understood",GOVERN / Organizational Context,GV.OC
3,GV.OC-01,S,GV.OC-01: The organizational mission is understood and informs cybersecurity risk management,Semantic,subset of,(CRI Modified),GV.OC-01: The organizational mission is understood and informs technology and cybersecurity risk management,GOVERN / Organizational Context / Organizational Mission,GV.OC-01
4,GV.OC-02,S,"GV.OC-02: Internal and external stakeholders are understood, and their needs and expectations regarding cybersecurity risk management are understood and considered",Semantic,subset of,(CRI Modified),"GV.OC-02: Internal and external stakeholders are understood, and their needs and expectations regarding technology and cybersecurity risk management are understood and considered",GOVERN / Organizational Context / Stakeholder Risk Management Expectations,GV.OC-02
5,GV.OC-03,S,"GV.OC-03: Legal, regulatory, and contractual requirements regarding cybersecurity - including privacy and civil liberties obligations - are understood and managed",Semantic,subset of,(CRI Modified),"GV.OC-03: Legal, regulatory, and contractual requirements regarding technology and cybersecurity - including privacy and civil liberties obligations - are understood and managed","GOVERN / Organizational Context / Legal, Regulatory, & Contractual Requirements",GV.OC-03
6,GV.OC-04,S,"GV.OC-04: Critical objectives, capabilities, and services that stakeholders depend on or expect from the organization are understood and communicated",Syntactic,equal,Same,"GV.OC-04: Critical objectives, capabilities, and services that stakeholders depend on or expect from the organization are understood and communicated",GOVERN / Organizational Context / Stakeholder Service Expectations,GV.OC-04
7,GV.OC-05,S,"GV.OC-05: Outcomes, capabilities, and services that the organization depends on are understood and communicated",Syntactic,equal,Same,"GV.OC-05: Outcomes, capabilities, and services that the organization depends on are understood and communicated",GOVERN / Organizational Context / Organizational Service Dependencies,GV.OC-05
8,GV.RM,C,"Risk Management Strategy (GV.RM): The organization's priorities, constraints, risk tolerance and appetite statements, and assumptions are established, communicated, and used to support operational risk decisions",Semantic,subset of,Same,"Risk Management Strategy (GV.RM): The organization’s priorities, constraints, risk tolerance and appetite statements, and assumptions are established, communicated, and used to support operational risk decisions",GOVERN / Risk Management Strategy,GV.RM
9,GV.RM-01,S,GV.RM-01: Risk management objectives are established and agreed to by organizational stakeholders,Semantic,subset of,Same,GV.RM-01: Risk management objectives are established and agreed to by organizational stakeholders,GOVERN / Risk Management Strategy / Risk Management Objectives Agreement,GV.RM-01
10,GV.RM-02,S,"GV.RM-02: Risk appetite and risk tolerance statements are established, communicated, and maintained",Semantic,subset of,Same,"GV.RM-02: Risk appetite and risk tolerance statements are established, communicated, and maintained",GOVERN / Risk Management Strategy / Risk Appetite & Risk Tolerance Statements,GV.RM-02
11,GV.RM-03,S,GV.RM-03: Cybersecurity risk management activities and outcomes are included in enterprise risk management processes,Semantic,subset of,(CRI Modified),GV.RM-03: Technology and cybersecurity risk management activities and outcomes are included in enterprise risk management processes,GOVERN / Risk Management Strategy / Enterprise Risk Integration,GV.RM-03
12,GV.RM-04,S,GV.RM-04: Strategic direction that describes appropriate risk response options is established and communicated,Semantic,subset of,Same,GV.RM-04: Strategic direction that describes appropriate risk response options is established and communicated,GOVERN / Risk Management Strategy / Risk Response Strategic Direction,GV.RM-04
13,GV.RM-05,S,"GV.RM-05: Lines of communication across the organization are established for cybersecurity risks, including risks from suppliers and other third parties",Semantic,subset of,(CRI Modified),"GV.RM-05: Lines of communication across the organization are established for technology and cybersecurity risks, including risks from suppliers and other third parties",GOVERN / Risk Management Strategy / Lines of Communication,GV.RM-05
14,GV.RM-06,S,"GV.RM-06: A standardized method for calculating, documenting, categorizing, and prioritizing cybersecurity risks is established and communicated",Semantic,subset of,(CRI Modified),"GV.RM-06: A standardized method for calculating, documenting, categorizing, and prioritizing technology and cybersecurity risks is established and communicated",GOVERN / Risk Management Strategy / Standardized Risk Management Method,GV.RM-06
15,GV.RM-07,S,"GV.RM-07: Strategic opportunities (i.e., positive risks) are characterized and are included in organizational cybersecurity risk discussions",Semantic,subset of,(CRI Modified),"GV.RM-07: Strategic opportunities (i.e., positive risks) are characterized and are included in organizational technology and cybersecurity risk discussions",GOVERN / Risk Management Strategy / Strategic Opportunities,GV.RM-07
16,GV.RM-08,S,None,,not related to,(CRI Addition),GV.RM-08: The risks of technology assimilation and implementations are managed,GOVERN / Risk Management Strategy  / Technology Assimilation & Implementations,GV.RM-08
17,GV.RM-09,S,None,,not related to,(CRI Addition),GV.RM-09: The organization's business continuity and resilience requirement risks are managed,GOVERN / Risk Management Strategy  / Business Continuity & Resilience Risk Management,GV.RM-09
18,GV.RR,C,"Roles, Responsibilities, and Authorities (GV.RR): Cybersecurity roles, responsibilities, and authorities to foster accountability, performance assessment, and continuous improvement are established and communicated",Semantic,subset of,(CRI Modified),"Roles, Responsibilities, and Authorities (GV.RR): Technology and cybersecurity roles, responsibilities, and authorities to foster accountability, performance assessment, and continuous improvement are established and communicated","GOVERN / Roles, Responsibilities, and Authorities",GV.RR
19,GV.RR-01,S,"GV.RR-01: Organizational leadership is responsible and accountable for cybersecurity risk and fosters a culture that is risk-aware, ethical, and continually improving",Semantic,subset of,(CRI Modified),"GV.RR-01: Organizational leadership is responsible and accountable for technology and cybersecurity risks and fosters a culture that is risk-aware, ethical, and continually improving","GOVERN / Roles, Responsibilities, and Authorities / Organizational Leadership Responsibility",GV.RR-01
20,GV.RR-02,S,"GV.RR-02: Roles, responsibilities, and authorities related to cybersecurity risk management are established, communicated, understood, and enforced",Semantic,subset of,(CRI Modified),"GV.RR-02: Roles, responsibilities, and authorities related to technology and cybersecurity risk management are established, communicated, understood, and enforced","GOVERN / Roles, Responsibilities, and Authorities / Risk Management Roles & Responsibilities",GV.RR-02
21,GV.RR-03,S,"GV.RR-03: Adequate resources are allocated commensurate with the cybersecurity risk strategy, roles, responsibilities, and policies",Semantic,subset of,(CRI Modified),"GV.RR-03: Adequate resources are allocated commensurate with technology and cybersecurity risk strategy, roles, responsibilities, and policies","GOVERN / Roles, Responsibilities, and Authorities / Resource Adequacy",GV.RR-03
22,GV.RR-04,S,GV.RR-04: Cybersecurity is included in human resources practices,Syntactic,equal,Same,GV.RR-04: Cybersecurity is included in human resources practices,"GOVERN / Roles, Responsibilities, and Authorities / Human Resource Practices",GV.RR-04
23,GV.PO,C,"Policies, Processes, and Procedures (GV.PO): Organizational cybersecurity policy is established, communicated, and enforced",Semantic,subset of,(CRI Modified),"Policies, Processes, and Procedures (GV.PO): Organizational technology and cybersecurity policies are established, communicated, and enforced","GOVERN / Policies, Processes, and Procedures",GV.PO
24,GV.PO-01,S,"GV.PO-01: Policy for managing cybersecurity risks is established based on organizational context, cybersecurity strategy, and priorities and is communicated and enforced",Semantic,subset of,(CRI Modified),"GV.PO-01: Policies for managing technology and cybersecurity risks are established based on organizational context, cybersecurity strategy, and priorities and is communicated and enforced","GOVERN / Policies, Processes, and Procedures / Establishment of Policies & Procedures",GV.PO-01
25,GV.PO-02,S,"GV.PO-02: Policy for managing cybersecurity risks is reviewed, updated, communicated, and enforced to reflect changes in requirements, threats, technology, and organizational mission",Semantic,subset of,(CRI Modified),"GV.PO-02: Policies for managing technology and cybersecurity risks are reviewed, updated, communicated, and enforced to reflect changes in requirements, threats, technology, and organizational mission","GOVERN / Policies, Processes, and Procedures / Policy & Procedure Review & Update",GV.PO-02
26,GV.OV,C,"Oversight (GV.OV): Results of organization-wide cybersecurity risk management activities and performance are used to inform, improve, and adjust the risk management strategy",Semantic,subset of,(CRI Modified),"Oversight (GV.OV): Results of organization-wide technology and cybersecurity risk management activities and performance are used to inform, improve, and adjust the risk management strategy",GOVERN / Oversight,GV.OV
27,GV.OV-01,S,GV.OV-01: Cybersecurity risk management strategy outcomes are reviewed to inform and adjust strategy and direction,Semantic,subset of,(CRI Modified),GV.OV-01: Technology and cybersecurity risk management strategy outcomes are reviewed to inform and adjust strategy and direction,GOVERN / Oversight / Risk Management Strategy Outcomes Review,GV.OV-01
28,GV.OV-02,S,GV.OV-02: The cybersecurity risk management strategy is reviewed and adjusted to ensure coverage of organizational requirements and risks,Semantic,subset of,(CRI Modified),GV.OV-02: The technology and cybersecurity risk management strategies are reviewed and adjusted to ensure coverage of organizational requirements and risks,GOVERN / Oversight / Risk Management Strategy Review & Adjustment,GV.OV-02
29,GV.OV-03,S,GV.OV-03: Organizational cybersecurity risk management performance is evaluated and reviewed for adjustments needed,Semantic,subset of,(CRI Modified),GV.OV-03: Organizational technology and cybersecurity risk management performance is evaluated and reviewed for adjustments needed,GOVERN / Oversight / Risk Management Performance Measurement,GV.OV-03
30,GV.SC,C,"Supply Chain Risk Management (GV.SC): Cyber supply chain risk management processes are identified, established, managed, monitored, and improved by organizational stakeholders",Semantic,subset of,(CRI Modified),"Supply Chain Risk Management (GV.SC): Supply chain risk management processes are identified, established, managed, monitored, and improved by organizational stakeholders",GOVERN / Cybersecurity Supply Chain Risk Management,GV.SC
31,GV.SC-01,S,"GV.SC-01: A cybersecurity supply chain risk management program, strategy, objectives, policies, and processes are established and agreed to by organizational stakeholders",Semantic,subset of,(CRI Modified),"GV.SC-01: A supply chain risk management program, strategy, objectives, policies, and processes are established and agreed to by organizational stakeholders",GOVERN / Supply Chain Risk Management / Supply Chain Risk Management Program,GV.SC-01
32,GV.SC-02,S,"GV.SC-02: Cybersecurity roles and responsibilities for suppliers, customers, and partners are established, communicated, and coordinated internally and externally",Semantic,subset of,(CRI Modified),"GV.SC-02: Roles and responsibilities for suppliers, customers, and partners are established, communicated, and coordinated internally and externally",GOVERN / Supply Chain Risk Management / Third Party Roles & Responsibilities,GV.SC-02
33,GV.SC-03,S,"GV.SC-03: Cybersecurity supply chain risk management is integrated into cybersecurity and enterprise risk management, risk assessment, and improvement processes",Semantic,subset of,(CRI Modified),"GV.SC-03: Supply chain risk management is integrated into cybersecurity and enterprise risk management, risk assessment, and improvement processes",GOVERN / Supply Chain Risk Management / Supply Chain Risk Management Integration,GV.SC-03
34,GV.SC-04,S,GV.SC-04: Suppliers are known and prioritized by criticality,Syntactic,equal,Same,GV.SC-04: Suppliers are known and prioritized by criticality,GOVERN / Supply Chain Risk Management / Supplier Identification & Prioritization,GV.SC-04
35,GV.SC-05,S,"GV.SC-05: Requirements to address cybersecurity risks in supply chains are established, prioritized, and integrated into contracts and other types of agreements with suppliers and other relevant third parties",Functional,subset of,(CRI Expanded),Third-Party Contracts and Agreements (EX.CN): Contracts establish baseline protections to manage risk over the life of the third-party relationship,EXTEND / Third-Party Contracts and Agreements,EX.CN
36,GV.SC-05,S,"GV.SC-05: Requirements to address cybersecurity risks in supply chains are established, prioritized, and integrated into contracts and other types of agreements with suppliers and other relevant third parties",Functional,subset of,(CRI Expanded),EX.CN-01: Contracts clearly specify the rights and responsibilities of each party and establish requirements to address the anticipated risks posed by a third party over the life of the relationship,EXTEND / Third-Party Contracts and Agreements / Contract General Requirements,EX.CN-01
37,GV.SC-05,S,"GV.SC-05: Requirements to address cybersecurity risks in supply chains are established, prioritized, and integrated into contracts and other types of agreements with suppliers and other relevant third parties",Functional,subset of,(CRI Expanded),"EX.CN-02: Expected cybersecurity practices for critical third parties that meet the risk management objectives of the organization are identified, documented, and agreed",EXTEND / Third-Party Contracts and Agreements / Contract Cybersecurity-Related Requirements,EX.CN-02
38,GV.SC-06,S,GV.SC-06: Planning and due diligence are performed to reduce risks before entering into formal supplier or other third-party relationships,Functional,subset of,(CRI Expanded),Procurement Planning and Due Diligence (EX.DD): Planning and due diligence are performed to reduce risks before entering into a formal third-party relationship,EXTEND / Procurement Planning and Due Diligence,EX.DD
39,GV.SC-06,S,GV.SC-06: Planning and due diligence are performed to reduce risks before entering into formal supplier or other third-party relationships,Functional,subset of,(CRI Expanded),EX.DD-01: Planning is performed for procurements and agreements that involve elevated risk to the organization,EXTEND / Procurement Planning and Due Diligence / Procurement Planning,EX.DD-01
40,GV.SC-06,S,GV.SC-06: Planning and due diligence are performed to reduce risks before entering into formal supplier or other third-party relationships,Functional,subset of,(CRI Expanded),"EX.DD-02: The organization performs thorough due diligence on prospective third parties, consistent with procurement planning and commensurate with the level of risk, criticality, and complexity of each third-party relationship",EXTEND / Procurement Planning and Due Diligence / Prospective Third Party Due Diligence,EX.DD-02
41,GV.SC-07,S,"GV.SC-07: The risks posed by a supplier, their products and services, and other third parties are understood, recorded, prioritized, assessed, responded to, and monitored over the course of the relationship",Functional,subset of,(CRI Expanded),Monitoring and Managing Suppliers (EX.MM): The risks posed by a third-party are monitored and managed over the course of the relationship,EXTEND / Monitoring and Managing Suppliers,EX.MM
42,GV.SC-07,S,"GV.SC-07: The risks posed by a supplier, their products and services, and other third parties are understood, recorded, prioritized, assessed, responded to, and monitored over the course of the relationship",Functional,subset of,(CRI Expanded),"EX.MM-01: Critical suppliers and third parties are monitored to confirm that they continue to satisfy their obligations as required; reviews of audits, test results, or other assessments of third parties are conducted",EXTEND / Monitoring and Managing Suppliers / Ongoing Third-Party Monitoring,EX.MM-01
43,GV.SC-07,S,"GV.SC-07: The risks posed by a supplier, their products and services, and other third parties are understood, recorded, prioritized, assessed, responded to, and monitored over the course of the relationship",Functional,subset of,(CRI Expanded),EX.MM-02: Inter-dependent and coordinated cybersecurity risk management practices with third parties are managed to ensure ongoing effectiveness,EXTEND / Monitoring and Managing Suppliers / Ongoing Third-Party Management,EX.MM-02
44,GV.SC-08,S,"GV.SC-08: Relevant suppliers and other third parties are included in incident planning, response, and recovery activities",Semantic,subset of,Same,"GV.SC-08: Relevant suppliers and other third parties are included in incident planning, response, and recovery activities",GOVERN / Supply Chain Risk Management / Third Party Incident Management Integration,GV.SC-08
45,GV.SC-09,S,"GV.SC-09: Supply chain security practices are integrated into cybersecurity and enterprise risk management programs, and their performance is monitored throughout the technology product and service life cycle",Semantic,subset of,(CRI Modified),"GV.SC-09: Supply chain security practices are integrated into technology, cybersecurity, and enterprise risk management programs, and their performance is monitored throughout the technology product and service life cycle",GOVERN / Supply Chain Risk Management / Supply Chain Security Practice Integration,GV.SC-09
46,GV.SC-10,S,GV.SC-10: Cybersecurity supply chain risk management plans include provisions for activities that occur after the conclusion of a partnership or service agreement,Functional,subset of,(CRI Expanded),"Relationship Termination (EX.TR): Relationship termination is anticipated, planned for, and executed safely",EXTEND / Relationship Termination,EX.TR
47,GV.SC-10,S,GV.SC-10: Cybersecurity supply chain risk management plans include provisions for activities that occur after the conclusion of a partnership or service agreement,Functional,subset of,(CRI Expanded),EX.TR-01: The organization anticipates and plans for the termination of critical relationships under both normal and adverse circumstances,EXTEND / Relationship Termination / Termination Planning,EX.TR-01
48,GV.SC-10,S,GV.SC-10: Cybersecurity supply chain risk management plans include provisions for activities that occur after the conclusion of a partnership or service agreement,Functional,subset of,(CRI Expanded),EX.TR-02: Relationship terminations and the return or destruction of assets are performed in a controlled and safe manner,EXTEND / Relationship Termination / Termination Practices,EX.TR-02
49,GV.IR,C,None,,not related to,(CRI Addition),Independent Risk Management Function (GV.IR): The organization has an independent risk management function,GOVERN / Independent Risk Management Function,GV.IR
50,GV.IR-01,S,None,,not related to,(CRI Addition),GV.IR-01: The independent risk management function provides assurance that the technology and cybersecurity risk management frameworks have been implemented according to policy and are consistent with the organization's risk appetite and tolerance,GOVERN / Independent Risk Management Function / Independent Risk Management Function,GV.IR-01
51,GV.IR-02,S,None,,not related to,(CRI Addition),GV.IR-02: The independent risk management function evaluates the appropriateness of the risk management program for the organization's risk appetite and proposes program improvements as warranted,GOVERN / Independent Risk Management Function / Independent Risk Management Evaluation,GV.IR-02
52,GV.IR-03,S,None,,not related to,(CRI Addition),"GV.IR-03: The independent risk management function reports on the implementation of the technology and cybersecurity risk management frameworks to the governing authority (e.g., the Board or one of its committees)",GOVERN / Independent Risk Management Function / Independent Risk Management Reporting,GV.IR-03
53,GV.AU,C,None,,not related to,(CRI Addition),Independent Audit Function (GV.AU): The organization has an independent audit function to support oversight of the technology and cybersecurity programs,GOVERN / Independent Audit Function,GV.AU
54,GV.AU-01,S,None,,not related to,(CRI Addition),GV.AU-01: The independent audit function assesses compliance with internal controls and applicable laws and regulations,GOVERN / Independent Audit Function / Independent Audit Compliance Assessment,GV.AU-01
55,GV.AU-02,S,None,,not related to,(CRI Addition),GV.AU-02: The independent audit function updates its procedures and audit plans to adjust to the evolving technology and cybersecurity environment,GOVERN / Independent Audit Function / Independent Audit Procedures,GV.AU-02
56,GV.AU-03,S,None,,not related to,(CRI Addition),"GV.AU-03: The independent audit function identifies, tracks, and reports significant changes in the organization's risk exposure to the governing authority (e.g., the Board or one of its committees)",GOVERN / Independent Audit Function / Independent Audit Reporting,GV.AU-03
57,ID,F,IDENTIFY (ID): The organization's current cybersecurity risks are understood,Semantic,subset of,(CRI Modified),IDENTIFY (ID): The organization's current technology and cybersecurity risks are understood,IDENTIFY,ID
58,ID.AM,C,"Asset Management (ID.AM): Assets (e.g., data, hardware, software, systems, facilities, services, people) that enable the organization to achieve business purposes are identified and managed consistent with their relative importance to organizational objectives and the organization's risk strategy",Semantic,subset of,Same,"Asset Management (ID.AM): Assets (e.g., data, hardware, software, systems, facilities, services, people) that enable the organization to achieve business purposes are identified and managed consistent with their relative importance to organizational objectives and the organization's risk strategy",IDENTIFY / Asset Management,ID.AM
59,ID.AM-01,S,ID.AM-01: Inventories of hardware managed by the organization are maintained,Syntactic,equal,Same,ID.AM-01: Inventories of hardware managed by the organization are maintained,IDENTIFY / Asset Management / Hardware Inventory,ID.AM-01
60,ID.AM-02,S,"ID.AM-02: Inventories of software, services, and systems managed by the organization are maintained",Syntactic,equal,Same,"ID.AM-02: Inventories of software, services, and systems managed by the organization are maintained","IDENTIFY / Asset Management / Software, Services, & Systems Inventory",ID.AM-02
61,ID.AM-03,S,ID.AM-03: Representations of the organization's authorized network communication and internal and external network data flows are maintained,Syntactic,equal,Same,ID.AM-03: Representations of the organization’s authorized network communication and internal and external network data flows are maintained,IDENTIFY / Asset Management / Network Communications & Data Flows,ID.AM-03
62,ID.AM-04,S,ID.AM-04: Inventories of services provided by suppliers are maintained,Syntactic,equal,Same,ID.AM-04: Inventories of services provided by suppliers are maintained,IDENTIFY / Asset Management / Supplier Services Inventory,ID.AM-04
63,ID.AM-05,S,"ID.AM-05: Assets are prioritized based on classification, criticality, resources, and impact on the mission",Syntactic,equal,Same,"ID.AM-05: Assets are prioritized based on classification, criticality, resources, and impact on the mission",IDENTIFY / Asset Management / Asset Protection Prioritization,ID.AM-05
64,ID.AM-07,S,ID.AM-07: Inventories of data and corresponding metadata for designated data types are maintained,Syntactic,equal,Same,ID.AM-07: Inventories of data and corresponding metadata for designated data types are maintained,IDENTIFY / Asset Management / Data & Metadata Inventory,ID.AM-07
65,ID.AM-08,S,"ID.AM-08: Systems, hardware, software, services, and data are managed throughout their life cycles",Semantic,subset of,Same,"ID.AM-08: Systems, hardware, software, services, and data are managed throughout their life cycles",IDENTIFY / Asset Management / Asset Life Cycle Management,ID.AM-08
66,ID.RA,C,"Risk Assessment (ID.RA): The cybersecurity risk to the organization, assets, and individuals is understood by the organization",Semantic,subset of,(CRI Modified),"Risk Assessment (ID.RA): The technology and cybersecurity risks to the organization, assets, and individuals are understood by the organization",IDENTIFY / Risk Assessment,ID.RA
67,ID.RA-01,S,"ID.RA-01: Vulnerabilities in assets are identified, validated, and recorded",Syntactic,equal,Same,"ID.RA-01: Vulnerabilities in assets are identified, validated, and recorded",IDENTIFY / Risk Assessment / Asset Vulnerability Identification,ID.RA-01
68,ID.RA-02,S,ID.RA-02: Cyber threat intelligence is received from information sharing forums and sources,Syntactic,equal,Same,ID.RA-02: Cyber threat intelligence is received from information sharing forums and sources,IDENTIFY / Risk Assessment / Information Sharing Forums,ID.RA-02
69,ID.RA-03,S,ID.RA-03: Internal and external threats to the organization are identified and recorded,Semantic,subset of,Same,ID.RA-03: Internal and external threats to the organization are identified and recorded,IDENTIFY / Risk Assessment / Threat Identification,ID.RA-03
70,ID.RA-04,S,ID.RA-04: Potential impacts and likelihoods of threats exploiting vulnerabilities are identified and recorded,Semantic,subset of,Same,ID.RA-04: Potential impacts and likelihoods of threats exploiting vulnerabilities are identified and recorded,IDENTIFY / Risk Assessment / Impact & Likelihood Analysis,ID.RA-04
71,ID.RA-05,S,"ID.RA-05: Threats, vulnerabilities, likelihoods, and impacts are used to understand inherent risk and inform risk response prioritization",Semantic,subset of,Same,"ID.RA-05: Threats, vulnerabilities, likelihoods, and impacts are used to understand inherent risk and inform risk response prioritization",IDENTIFY / Risk Assessment / Risk Exposure Determination & Prioritization,ID.RA-05
72,ID.RA-06,S,"ID.RA-06: Risk responses are chosen, prioritized, planned, tracked, and communicated",Semantic,subset of,Same,"ID.RA-06: Risk responses are chosen, prioritized, planned, tracked, and communicated",IDENTIFY / Risk Assessment / Risk Response Determination,ID.RA-06
73,ID.RA-07,S,"ID.RA-07: Changes and exceptions are managed, assessed for risk impact, recorded, and tracked",Semantic,subset of,Same,"ID.RA-07: Changes and exceptions are managed, assessed for risk impact, recorded, and tracked",IDENTIFY / Risk Assessment / Change & Exception Management,ID.RA-07
74,ID.RA-08,S,"ID.RA-08: Processes for receiving, analyzing, and responding to vulnerability disclosures are established",Syntactic,equal,Same,"ID.RA-08: Processes for receiving, analyzing, and responding to vulnerability disclosures are established",IDENTIFY / Risk Assessment / Vulnerability Disclosure Response,ID.RA-08
75,ID.RA-09,S,ID.RA-09: The authenticity and integrity of hardware and software are assessed prior to acquisition and use,Functional,subset of,(CRI Expanded),"EX.DD-04: Third-party products and services are assessed relative to business, risk management, and cybersecurity requirements",EXTEND / Procurement Planning and Due Diligence / Product & Service Due Diligence,EX.DD-04
76,ID.RA-10,S,ID.RA-10: Critical suppliers are assessed prior to acquisition,Functional,subset of,(CRI Expanded),EX.DD-03: The organization assesses the risks and suitability of the technology and cybersecurity capabilities and risk management practices of prospective third parties,EXTEND / Procurement Planning and Due Diligence / Technology & Cybersecurity Risk Assessment,EX.DD-03
77,ID.IM,C,"Improvement (ID.IM): Improvements to organizational cybersecurity risk management processes, procedures and activities are identified across all CSF Functions",Semantic,subset of,(CRI Modified),"Improvement (ID.IM): Improvements to organizational technology and cybersecurity risk management processes, procedures and activities are identified across all Profile Functions",IDENTIFY / Improvement,ID.IM
78,ID.IM-01,S,ID.IM-01: Improvements are identified from evaluations,Semantic,subset of,Same,ID.IM-01: Improvements are identified from evaluations,IDENTIFY / Improvement / Continuous Improvements Evaluation,ID.IM-01
79,ID.IM-02,S,"ID.IM-02: Improvements are identified from security tests and exercises, including those done in coordination with suppliers and relevant third parties",Semantic,subset of,(CRI Modified),"ID.IM-02: Improvements are identified from tests and exercises, including those done in coordination with suppliers and relevant third parties",IDENTIFY / Improvement / Tests & Exercises,ID.IM-02
80,ID.IM-03,S,"ID.IM-03: Improvements are identified from execution of operational processes, procedures, and activities",Semantic,subset of,Same,"ID.IM-03: Improvements are identified from execution of operational processes, procedures, and activities",IDENTIFY / Improvement / Improvements from Lessons Learned,ID.IM-03
81,ID.IM-04,S,"ID.IM-04: Incident response plans and other cybersecurity plans that affect operations are established, communicated, maintained, and improved",Functional,intersects with,(CRI Modified),"ID.IM-04: ID.IM-04: Response and recovery plans (e.g., incident response plan, business continuity plan, disaster recovery plan, etc.) are established, communicated, maintained, and improved",IDENTIFY / Improvement / Plans Affecting Operations,ID.IM-04
82,PR,F,PROTECT (PR): Safeguards to manage the organization's cybersecurity risks are used,Semantic,subset of,(CRI Modified),PROTECT (PR): Safeguards to manage the organization's technology and cybersecurity risks are used,PROTECT,PR
83,PR.AA,C,"Identity Management, Authentication, and Access Control (PR.AA): Access to physical and logical assets is limited to authorized users, services, and hardware and managed commensurate with the assessed risk of unauthorized access",Syntactic,equal,Same,"Identity Management, Authentication, and Access Control (PR.AA): Access to physical and logical assets is limited to authorized users, services, and hardware and managed commensurate with the assessed risk of unauthorized access","PROTECT / Identity Management, Authentication, and Access Control",PR.AA
84,PR.AA-01,S,"PR.AA-01: Identities and credentials for authorized users, services, and hardware are managed by the organization",Syntactic,equal,Same,"PR.AA-01: Identities and credentials for authorized users, services, and hardware are managed by the organization","PROTECT / Identity Management, Authentication, and Access Control / Identity & Credential Management",PR.AA-01
85,PR.AA-02,S,PR.AA-02: Identities are proofed and bound to credentials based on the context of interactions,Syntactic,equal,Same,PR.AA-02: Identities are proofed and bound to credentials based on the context of interactions,"PROTECT / Identity Management, Authentication, and Access Control / Identity Binding to Credentials",PR.AA-02
86,PR.AA-03,S,"PR.AA-03: Users, services, and hardware are authenticated",Syntactic,equal,Same,"PR.AA-03: Users, services, and hardware are authenticated","PROTECT / Identity Management, Authentication, and Access Control / Authentication",PR.AA-03
87,PR.AA-04,S,"PR.AA-04: Identity assertions are protected, conveyed, and verified",Syntactic,equal,Same,"PR.AA-04: Identity assertions are protected, conveyed, and verified","PROTECT / Identity Management, Authentication, and Access Control / Identity Assertions",PR.AA-04
88,PR.AA-05,S,"PR.AA-05: Access permissions, entitlements, and authorizations are defined in a policy, managed, enforced, and reviewed, and incorporate the principles of least privilege and separation of duties",Syntactic,equal,Same,"PR.AA-05: Access permissions, entitlements, and authorizations are defined in a policy, managed, enforced, and reviewed, and incorporate the principles of least privilege and separation of duties","PROTECT / Identity Management, Authentication, and Access Control / Access Authorizations",PR.AA-05
89,PR.AA-06,S,"PR.AA-06: Physical access to assets is managed, monitored, and enforced commensurate with risk",Syntactic,equal,Same,"PR.AA-06: Physical access to assets is managed, monitored, and enforced commensurate with risk","PROTECT / Identity Management, Authentication, and Access Control / Physical Access",PR.AA-06
90,PR.AT,C,Awareness and Training (PR.AT): The organization's personnel are provided with cybersecurity awareness and training so that they can perform their cybersecurity-related tasks,Syntactic,equal,Same,Awareness and Training (PR.AT): The organization’s personnel are provided with cybersecurity awareness and training so that they can perform their cybersecurity-related tasks,PROTECT / Awareness and Training,PR.AT
91,PR.AT-01,S,PR.AT-01: Personnel are provided with awareness and training so that they possess the knowledge and skills to perform general tasks with cybersecurity risks in mind,Syntactic,equal,Same,PR.AT-01: Personnel are provided with awareness and training so that they possess the knowledge and skills to perform general tasks with cybersecurity risks in mind,PROTECT / Awareness and Training / User Awareness & Training,PR.AT-01
92,PR.AT-02,S,PR.AT-02: Individuals in specialized roles are provided with awareness and training so that they possess the knowledge and skills to perform relevant tasks with cybersecurity risks in mind,Syntactic,equal,Same,PR.AT-02: Individuals in specialized roles are provided with awareness and training so that they possess the knowledge and skills to perform relevant tasks with cybersecurity risks in mind,PROTECT / Awareness and Training / Specialized Role Awareness & Training,PR.AT-02
93,PR.DS,C,"Data Security (PR.DS): Data are managed consistent with the organization's risk strategy to protect the confidentiality, integrity, and availability of information",Syntactic,equal,Same,"Data Security (PR.DS): Data are managed consistent with the organization's risk strategy to protect the confidentiality, integrity, and availability of information",PROTECT / Data Security,PR.DS
94,PR.DS-01,S,"PR.DS-01: The confidentiality, integrity, and availability of data-at-rest are protected",Syntactic,equal,Same,"PR.DS-01: The confidentiality, integrity, and availability of data-at-rest are protected",PROTECT / Data Security / Protection of Data at Rest,PR.DS-01
95,PR.DS-02,S,"PR.DS-02: The confidentiality, integrity, and availability of data-in-transit are protected",Syntactic,equal,Same,"PR.DS-02: The confidentiality, integrity, and availability of data-in-transit are protected",PROTECT / Data Security / Protection of Data in Transit,PR.DS-02
96,PR.DS-10,S,"PR.DS-10: The confidentiality, integrity, and availability of data-in-use are protected",Syntactic,equal,Same,"PR.DS-10: The confidentiality, integrity, and availability of data-in-use are protected",PROTECT / Data Security / Protection of Data in Use,PR.DS-10
97,PR.DS-11,S,"PR.DS-11: Backups of data are created, protected, maintained, and tested",Syntactic,equal,Same,"PR.DS-11: Backups of data are created, protected, maintained, and tested",PROTECT / Data Security / Data Backup,PR.DS-11
98,PR.PS,C,"Platform Security (PR.PS): The hardware, software (e.g., firmware, operating systems, applications), and services of physical and virtual platforms are managed consistent with the organization's risk strategy to protect their confidentiality, integrity, and availability",Semantic,subset of,Same,"Platform Security (PR.PS): The hardware, software (e.g., firmware, operating systems, applications), and services of physical and virtual platforms are managed consistent with the organization’s risk strategy to protect their confidentiality, integrity, and availability",PROTECT / Platform Security,PR.PS
99,PR.PS-01,S,PR.PS-01: Configuration management practices are established and applied,Syntactic,equal,Same,PR.PS-01: Configuration management practices are established and applied,PROTECT / Platform Security / Configuration Management,PR.PS-01
100,PR.PS-02,S,"PR.PS-02: Software is maintained, replaced, and removed commensurate with risk",Semantic,subset of,Same,"PR.PS-02: Software is maintained, replaced, and removed commensurate with risk",PROTECT / Platform Security / Software Maintenance & Replacement,PR.PS-02
101,PR.PS-03,S,"PR.PS-03: Hardware is maintained, replaced, and removed commensurate with risk",Syntactic,equal,Same,"PR.PS-03: Hardware is maintained, replaced, and removed commensurate with risk",PROTECT / Platform Security / Hardware Maintenance,PR.PS-03
102,PR.PS-04,S,PR.PS-04: Log records are generated and made available for continuous monitoring,Semantic,subset of,Same,PR.PS-04: Log records are generated and made available for continuous monitoring,PROTECT / Platform Security / Log Record Generation,PR.PS-04
103,PR.PS-05,S,PR.PS-05: Installation and execution of unauthorized software are prevented,Syntactic,equal,Same,PR.PS-05: Installation and execution of unauthorized software are prevented,PROTECT / Platform Security / Unauthorized Software Installation & Execution,PR.PS-05
104,PR.PS-06,S,"PR.PS-06: Secure software development practices are integrated, and their performance is monitored throughout the software development life cycle",Semantic,subset of,Same,"PR.PS-06: Secure software development practices are integrated, and their performance is monitored throughout the software development life cycle",PROTECT / Platform Security / Secure Systems Development Practices,PR.PS-06
105,PR.PS-07,S,None,,not related to,(CRI Addition),PR.PS-07: The organization's technology operations and service and support functions are designed and managed to address business operational needs and stakeholder requirements.,"PROTECT / Platform Security / Technology Operations, Service, & Support",PR.PS-07
106,PR.IR,C,"Technology Infrastructure Resilience (PR.IR): Security architectures are managed with the organization's risk strategy to protect asset confidentiality, integrity, and availability, and organizational resilience",Semantic,subset of,(CRI Modified),"Technology Infrastructure Resilience (PR.IR): Technology and security architectures are managed with the organization's risk strategy to protect asset confidentiality, integrity, and availability, and organizational resilience",PROTECT / Technology Infrastructure Resilience,PR.IR
107,PR.IR-01,S,PR.IR-01: Networks and environments are protected from unauthorized logical access and usage,Syntactic,equal,Same,PR.IR-01: Networks and environments are protected from unauthorized logical access and usage,PROTECT / Technology Infrastructure Resilience / Logical Access Protections,PR.IR-01
108,PR.IR-02,S,PR.IR-02: The organization's technology assets are protected from environmental threats,Syntactic,equal,Same,PR.IR-02: The organization’s technology assets are protected from environmental threats,PROTECT / Technology Infrastructure Resilience / Environmental Threat Protections,PR.IR-02
109,PR.IR-03,S,PR.IR-03: Mechanisms are implemented to achieve resilience requirements in normal and adverse situations,Syntactic,equal,Same,PR.IR-03: Mechanisms are implemented to achieve resilience requirements in normal and adverse situations,PROTECT / Technology Infrastructure Resilience / Resilience Measures,PR.IR-03
110,PR.IR-04,S,PR.IR-04: Adequate resource capacity to ensure availability is maintained,Syntactic,equal,Same,PR.IR-04: Adequate resource capacity to ensure availability is maintained,PROTECT / Technology Infrastructure Resilience / Capacity Management,PR.IR-04
111,DE,F,DETECT (DE): Possible cybersecurity attacks and compromises are found and analyzed,Semantic,subset of,(CRI Modified),"DETECT (DE): Possible cybersecurity attacks and compromises, and other operationally adverse events, are found and analyzed",DETECT,DE
112,DE.CM,C,"Continuous Monitoring (DE.CM): Assets are monitored to find anomalies, indicators of compromise, and other potentially adverse events",Semantic,subset of,Same,"Continuous Monitoring (DE.CM): Assets are monitored to find anomalies, indicators of compromise, and other potentially adverse events",DETECT / Continuous Monitoring,DE.CM
113,DE.CM-01,S,DE.CM-01: Networks and network services are monitored to find potentially adverse events,Syntactic,equal,Same,DE.CM-01: Networks and network services are monitored to find potentially adverse events,DETECT / Continuous Monitoring / Network Monitoring,DE.CM-01
114,DE.CM-02,S,DE.CM-02: The physical environment is monitored to find potentially adverse events,Syntactic,equal,Same,DE.CM-02: The physical environment is monitored to find potentially adverse events,DETECT / Continuous Monitoring / Physical Environment Monitoring,DE.CM-02
115,DE.CM-03,S,DE.CM-03: Personnel activity and technology usage are monitored to find potentially adverse events,Syntactic,equal,Same,DE.CM-03: Personnel activity and technology usage are monitored to find potentially adverse events,DETECT / Continuous Monitoring / Personnel Activity Monitoring,DE.CM-03
116,DE.CM-06,S,DE.CM-06: External service provider activities and services are monitored to find potentially adverse events,Semantic,subset of,Same,DE.CM-06: External service provider activities and services are monitored to find potentially adverse events,DETECT / Continuous Monitoring / Service Provider Monitoring,DE.CM-06
117,DE.CM-09,S,"DE.CM-09: Computing hardware and software, runtime environments, and their data are monitored to find potentially adverse events",Semantic,subset of,Same,"DE.CM-09: Computing hardware and software, runtime environments, and their data are monitored to find potentially adverse events","DETECT / Continuous Monitoring / Hardware, Software, & Data Monitoring",DE.CM-09
118,DE.AE,C,"Adverse Event Analysis (DE.AE): Anomalies, indicators of compromise, and other potentially adverse events are analyzed to characterize the events and detect cybersecurity incidents",Semantic,subset of,Same,"Adverse Event Analysis (DE.AE): Anomalies, indicators of compromise, and other potentially adverse events are analyzed to characterize the events and detect cybersecurity incidents",DETECT / Adverse Event Analysis,DE.AE
119,DE.AE-02,S,DE.AE-02: Potentially adverse events are analyzed to better understand associated activities,Semantic,subset of,Same,DE.AE-02: Potentially adverse events are analyzed to better understand associated activities,DETECT / Adverse Event Analysis / Potentially Adverse Event Analysis,DE.AE-02
120,DE.AE-03,S,DE.AE-03: Information is correlated from multiple sources,Semantic,subset of,Same,DE.AE-03: Information is correlated from multiple sources,DETECT / Adverse Event Analysis / Event Information Correlation,DE.AE-03
121,DE.AE-04,S,DE.AE-04: The estimated impact and scope of adverse events are understood,Semantic,subset of,Same,DE.AE-04: The estimated impact and scope of adverse events are understood,DETECT / Adverse Event Analysis / Impact & Scope Determination,DE.AE-04
122,DE.AE-06,S,DE.AE-06: Information on adverse events is provided to authorized staff and tools,Semantic,subset of,Same,DE.AE-06: Information on adverse events is provided to authorized staff and tools,DETECT / Adverse Event Analysis / Event Information Sharing,DE.AE-06
123,DE.AE-07,S,DE.AE-07: Cyber threat intelligence and other contextual information are integrated into the analysis,Syntactic,equal,Same,DE.AE-07: Cyber threat intelligence and other contextual information are integrated into the analysis,DETECT / Adverse Event Analysis / Contextual Analysis,DE.AE-07
124,DE.AE-08,S,DE.AE-08: Incidents are declared when adverse events meet the defined incident criteria,Syntactic,equal,Same,DE.AE-08: Incidents are declared when adverse events meet the defined incident criteria,DETECT / Adverse Event Analysis / Incident Declaration,DE.AE-08
125,RS,F,RESPOND (RS): Actions regarding a detected cybersecurity incident are taken,Semantic,subset of,(CRI Modified),RESPOND (RS): Actions regarding a detected adverse incidents are taken,RESPOND,RS
126,RS.MA,C,Incident Management (RS.MA): Responses to detected cybersecurity incidents are managed,Semantic,subset of,(CRI Modified),Incident Management (RS.MA): Responses to detected adverse incidents are managed,RESPOND / Incident Management,RS.MA
127,RS.MA-01,S,RS.MA-01: The incident response plan is executed in coordination with relevant third parties once an incident is declared,Semantic,subset of,Same,RS.MA-01: The incident response plan is executed in coordination with relevant third parties once an incident is declared,RESPOND / Incident Management / Response Plan Execution,RS.MA-01
128,RS.MA-02,S,RS.MA-02: Incident reports are triaged and validated,Semantic,subset of,Same,RS.MA-02: Incident reports are triaged and validated,RESPOND / Incident Management / Incident Triage & Validation,RS.MA-02
129,RS.MA-03,S,RS.MA-03: Incidents are categorized and prioritized,Semantic,subset of,Same,RS.MA-03: Incidents are categorized and prioritized,RESPOND / Incident Management / Incident Categorization & Prioritization,RS.MA-03
130,RS.MA-04,S,RS.MA-04: Incidents are escalated or elevated as needed,Semantic,subset of,Same,RS.MA-04: Incidents are escalated or elevated as needed,RESPOND / Incident Management / Incident Escalation,RS.MA-04
131,RS.MA-05,S,RS.MA-05: The criteria for initiating incident recovery are applied,Semantic,subset of,Same,RS.MA-05: The criteria for initiating incident recovery are applied,RESPOND / Incident Management / Recovery Initiation,RS.MA-05
132,RS.AN,C,Incident Analysis (RS.AN): Investigations are conducted to ensure effective response and support forensics and recovery activities,Semantic,subset of,Same,Incident Analysis (RS.AN): Investigations are conducted to ensure effective response and support forensics and recovery activities,RESPOND / Incident Analysis,RS.AN
133,RS.AN-03,S,RS.AN-03: Analysis is performed to establish what has taken place during an incident and the root cause of the incident,Semantic,subset of,Same,RS.AN-03: Analysis is performed to establish what has taken place during an incident and the root cause of the incident,RESPOND / Incident Analysis / Incident Analysis & Root Cause Determination,RS.AN-03
134,RS.AN-06,S,"RS.AN-06: Actions performed during an investigation are recorded, and the records' integrity and provenance are preserved",Semantic,subset of,Same,"RS.AN-06: Actions performed during an investigation are recorded, and the records’ integrity and provenance are preserved",RESPOND / Incident Analysis / Investigation Documentation,RS.AN-06
135,RS.AN-07,S,"RS.AN-07: Incident data and metadata are collected, and their integrity and provenance are preserved",Semantic,subset of,Same,"RS.AN-07: Incident data and metadata are collected, and their integrity and provenance are preserved",RESPOND / Incident Analysis / Incident Data Collection & Preservation,RS.AN-07
136,RS.AN-08,S,RS.AN-08: An incident's magnitude is estimated and validated,Semantic,subset of,Same,RS.AN-08: An incident's magnitude is estimated and validated,RESPOND / Incident Analysis / Incident Magnitude Determination,RS.AN-08
137,RS.CO,C,"Incident Response Reporting and Communication (RS.CO): Response activities are coordinated with internal and external stakeholders as required by laws, regulations, or policies",Syntactic,equal,Same,"Incident Response Reporting and Communication (RS.CO): Response activities are coordinated with internal and external stakeholders as required by laws, regulations, or policies",RESPOND / Incident Response Reporting and Communication,RS.CO
138,RS.CO-02,S,RS.CO-02: Internal and external stakeholders are notified of incidents,Syntactic,equal,Same,RS.CO-02: Internal and external stakeholders are notified of incidents,RESPOND / Incident Response Reporting and Communication / Stakeholder Incident Notification,RS.CO-02
139,RS.CO-03,S,RS.CO-03: Information is shared with designated internal and external stakeholders,Syntactic,equal,Same,RS.CO-03: Information is shared with designated internal and external stakeholders,RESPOND / Incident Response Reporting and Communication / Stakeholder Incident Information Sharing,RS.CO-03
140,RS.MI,C,Incident Mitigation (RS.MI): Activities are performed to prevent expansion of an event and mitigate its effects,Semantic,subset of,Same,Incident Mitigation (RS.MI): Activities are performed to prevent expansion of an event and mitigate its effects,RESPOND / Incident Mitigation,RS.MI
141,RS.MI-01,S,RS.MI-01: Incidents are contained,Semantic,subset of,Same,RS.MI-01: Incidents are contained,RESPOND / Incident Mitigation / Incident Containment,RS.MI-01
142,RS.MI-02,S,RS.MI-02: Incidents are eradicated,Semantic,subset of,Same,RS.MI-02: Incidents are eradicated,RESPOND / Incident Mitigation / Incident Eradication,RS.MI-02
143,RC,F,RECOVER (RC): Assets and operations affected by a cybersecurity incident are restored,Semantic,subset of,(CRI Modified),RECOVER (RC): Assets and operations affected by an adverse incident are restored,RECOVER,RC
144,RC.RP,C,Incident Recovery Plan Execution (RC.RP): Restoration activities are performed to ensure operational availability of systems and services affected by cybersecurity incidents,Semantic,subset of,(CRI Modified),Incident Recovery Plan Execution (RC.RP): Restoration activities are performed to ensure operational availability of systems and services affected by adverse incidents,RECOVER / Incident Recovery Plan Execution,RC.RP
145,RC.RP-01,S,RC.RP-01: The recovery portion of the incident response plan is executed once initiated from the incident response process,Semantic,subset of,Same,RC.RP-01: The recovery portion of the incident response plan is executed once initiated from the incident response process,RECOVER / Incident Recovery Plan Execution / Recovery Plan Execution,RC.RP-01
146,RC.RP-02,S,"RC.RP-02: Recovery actions are selected, scoped, prioritized, and performed",Semantic,subset of,Same,"RC.RP-02: Recovery actions are selected, scoped, prioritized, and performed",RECOVER / Incident Recovery Plan Execution / Recovery Action Performance,RC.RP-02
147,RC.RP-03,S,RC.RP-03: The integrity of backups and other restoration assets is verified before using them for restoration,Semantic,subset of,Same,RC.RP-03: The integrity of backups and other restoration assets is verified before using them for restoration,RECOVER / Incident Recovery Plan Execution / Backup & Restoration Asset Integrity,RC.RP-03
148,RC.RP-04,S,RC.RP-04: Critical mission functions and cybersecurity risk management are considered to establish post-incident operational norms,Syntactic,equal,Same,RC.RP-04: Critical mission functions and cybersecurity risk management are considered to establish post-incident operational norms,RECOVER / Incident Recovery Plan Execution / Post-Incident Operational Norms,RC.RP-04
149,RC.RP-05,S,"RC.RP-05: The integrity of restored assets is verified, systems and services are restored, and normal operating status is confirmed",Syntactic,equal,Same,"RC.RP-05: The integrity of restored assets is verified, systems and services are restored, and normal operating status is confirmed",RECOVER / Incident Recovery Plan Execution / Asset Integrity Restoration,RC.RP-05
150,RC.RP-06,S,"RC.RP-06: The end of incident recovery is declared based on criteria, and incident-related documentation is completed",Syntactic,equal,Same,"RC.RP-06: The end of incident recovery is declared based on criteria, and incident-related documentation is completed",RECOVER / Incident Recovery Plan Execution / End-of-Incident Determination,RC.RP-06
151,RC.CO,C,Incident Recovery Communication (RC.CO): Restoration activities are coordinated with internal and external parties,Syntactic,equal,Same,Incident Recovery Communication (RC.CO): Restoration activities are coordinated with internal and external parties,RECOVER / Incident Recovery Communication,RC.CO
152,RC.CO-03,S,RC.CO-03: Recovery activities and progress in restoring operational capabilities are communicated to designated internal and external stakeholders,Syntactic,equal,Same,RC.CO-03: Recovery activities and progress in restoring operational capabilities are communicated to designated internal and external stakeholders,RECOVER / Incident Recovery Communication / Recovery Activity Communication,RC.CO-03
153,RC.CO-04,S,RC.CO-04: Public updates on incident recovery are shared using approved methods and messaging,Syntactic,equal,Same,RC.CO-04: Public updates on incident recovery are shared using approved methods and messaging,RECOVER / Incident Recovery Communication / Public Information Sharing,RC.CO-04
154,EX,F,None,,not related to,(CRI Addition),"EXTEND (EX): Extend organizational risk management policy and practices over the life cycle of third- (and nth-) party relationships, products, and services",EXTEND,EX
